sezione|votanti|ubicazione|numeroElettori
1|126|SCUOLA DELL'INFANZIA"MADRE TERESA DI C." VIA MAQUEDA N.53|1100
2|105|SCUOLA PRIMARIA "MANZONI" VIA PARLATORE FILIPPO N.56|697
3|111|SCUOLA PRIM.E DELL'INF."CASTELLANA" VIA CASTELLANA N.40|926
4|161|SCUOLA PRIMARIA "VITALI" VIA INSERRA N.1|1152
5|94|SCUOLA DELL'INFANZIA"MADRE TERESA DI C." VIA MAQUEDA N.53|785
6|108|SCUOLA PRIMARIA "BASILE" LARGO CORLEONE N.11/T|1065
7|118|SCUOLA PRIMARIA "FILIPPO RACITI" VIA ALIA N.16|905
8|115|SCUOLA DELL'INFANZIA "JACK LONDON" VIA LONDON JACK N.1/A|959
9|163|SCUOLA PRIMARIA "MANTEGNA" VIA BOLOGNI N.4|1077
10|61|SCUOLA PRIMARIA "EX SCIASCIA" VIA MARCHESE NICOLO' PENSABENE N.34|946
11|126|SCUOLA PRIMARIA "ANDREA SOLE" VIA MOLARA N.30|1215
12|102|SCUOLA PRIMARIA "TURRISI COLONNA" PIAZZA GRAN CANCELLIERE N.1|1138
13|145|SCUOLA ELEMENTARE FERRARA PIAZZA MAGIONE N.1|1155
14|97|SCUOLA PRIMARIA "PAULSEN" P.LE CARPINO FRANCESCO CARD. N.3|810
15|100|SCUOLA PRIMARIA "BORSELLINO" LARGO CAMASTRA N.4|924
16|79|SCUOLA SECOND.I GRADO "PIRANDELLO" VIA DELL'USIGNOLO N.5|951
17|100|SCUOLA PRIMARIA "MARABITTI" VIA SPEDALIERI NICOLO' N.52|808
18|143|SCUOLA PRIMARIA "UMBERTO GIORDANO" VIA DAIDONE N.24|872
19|98|SCUOLA PRIMARIA "OBERDAN" VIA SPICA PIETRO N.5|1210
20|154|SCUOLA PRIMARIA "G.FAVA" VIA MONTE S.CALOGERO N.20|839
21|142|SCUOLA PRIMARIA E INFANZIA "M.GANDHI" VIA SARDEGNA N.55|1011
22|153|SCUOLA SECOND.I GR.E PRIM."VERDI" VIA CASELLA ALFREDO N.35|926
23|136|SCUOLA PRIMARIA "ETTORE ARCULEO" VIA SCHIFANI VITO N.3|965
24|153|SCUOLA PRIM.E DELL'INF."CASTELLANA" VIA CASTELLANA N.40|859
25|242|SCUOLA PRIMARIA "PAULSEN" P.LE CARPINO FRANCESCO CARD. N.3|1247
26|155|SCUOLA SECOND.I GR. "LEONARDO DA VINCI" VIA DI GIORGI FERDINANDO N.48|777
27|131|SCUOLA PRIMARIA "IGNAZIO BUTTITTA" VIA CIMABUE GIOVANNI N.20|932
28|106|SCUOLA PRIMARIA "BORSELLINO" LARGO CAMASTRA N.4|885
29|142|SCUOLA ELEMENTARE FERRARA PIAZZA MAGIONE N.1|1164
30|157|SCUOLA SECOND.I GR."LEONARDO DA VINCI" VIA SERRADIFALCO N.190|980
31|102|SCUOLA PRIMARIA "FILIPPO RACITI" VIA ALIA N.16|979
32|161|SCUOLA PRIMARIA "D'ANGELO PAOLO EMILIO" VIA S.LORENZO N.295|1039
33|157|SCUOLA PRIMARIA "GIOVANNI XXIII" VIA SAMPOLO N.63|975
34|173|SCUOLA SECOND. DI I GRADO "VERDI" VIA FERMI ENRICO N.2|961
35|138|SCUOLA PRIMARIA SANTOCANALE Via Polibio 1/b|1179
36|100|SCUOLA PRIMARIA "VALVERDE" VIA VALVERDE N.2|1078
37|80|SCUOLA PRIMARIA "VALVERDE" VIA VALVERDE N.2|986
38|127|SCUOLA PRIMARIA "DE STEFANO" VIA DE STEFANO ANTONINO N.1/C|779
39|163|SCUOLA PRIMARIA "GABELLI" VIA EUGENIO L'EMIRO N.30|964
40|164|SCUOLA PRIM.E DELL'INFANZ."BONANNO" VIA PITRE' GIUSEPPE N.183|1104
41|89|SCUOLA PRIMARIA "VALVERDE" VIA VALVERDE N.2|839
42|100|SCUOLA PRIMARIA "SUNSERI" VIA SUNSERI GIUSEPPE N.19|780
43|66|SCUOLA PRIMARIA "VALVERDE" VIA VALVERDE N.2|846
44|158|SCUOLA PRIMARIA "UMBERTO GIORDANO" VIA DAIDONE N.24|870
45|91|SCUOLA PRIMARIA "MONTEGRAPPA" VIA ROCCELLA GUSTAVO N.37|780
46|144|SCUOLA PRIMARIA "D'ANGELO PAOLO EMILIO" VIA S.LORENZO N.295|964
47|97|SCUOLA DELL'INFANZIA"PASS.DEI PICCIOTTI" PASSAGGIO DEI PICCIOTTI N.3|912
48|143|SCUOLA DELL'INFANZIA "PALADINI" PIAZZA CELLINI BENVENUTO N.4|1025
49|105|SCUOLA DELL'INFANZIA "DIAZ VECCHIO" VIA REGINA MARIA DI SICILIA N.7|834
50|104|SCUOLA PRIMARIA "DE AMICIS E" VIA SAURO NAZARIO N.11|965
51|113|SCUOLA PRIMARIA E DELL'INF. "SALERNO" VIA SALERNO N.19|984
52|138|SCUOLA SECOND.I GR. "LEONARDO DA VINCI" VIA DI GIORGI FERDINANDO N.48|808
53|65|SCUOLA PRIMARIA "GIOBERTI" VIA LAZZARO CARMELO N.1|886
54|108|SCUOLA PRIMARIA "CAVALLARI" CORSO DEI MILLE N.793|889
55|96|SCUOLA PRIMARIA "F.CRISPI" INGR.PAD.2 VIA BARISANO DA TRANI N.7|825
56|134|SCUOLA PRIMARIA "SALGARI" VIA PARATORE GIUSEPPE N.34|891
57|131|SCUOLA PRIMARIA "TURRISI COLONNA" PIAZZA GRAN CANCELLIERE N.1|1215
58|154|SCUOLA PRIMARIA "COLOZZA" VIA IMERA N.32|1035
59|107|SCUOLA PRIMARIA "CAVALLARI" CORSO DEI MILLE N.793|1010
60|148|SCUOLA SECOND.I GRADO "GENTILI" VIA LO JACONO FRANCESCO N.1|871
61|171|SCUOLA PRIMARIA "IGNAZIO BUTTITTA" VIA CIMABUE GIOVANNI N.20|1080
62|179|SCUOLA PRIMARIA "TRINACRIA" VIA TRINACRIA N.1|923
63|33|SCUOLA PRIMARIA "TURRISI COLONNA" PIAZZA GRAN CANCELLIERE N.1|1909
64|171|SCUOLA PRIMARIA "DE STEFANO" VIA DE STEFANO ANTONINO N.1/C|869
65|146|SCUOLA SECOND.I GR. "LEONARDO DA VINCI" VIA DI GIORGI FERDINANDO N.48|923
66|215|SCUOLA PRIMARIA "PASCOLI" VIA NETTUNO N.7|1181
67|29|ISTITUTO MAGISTRALE REGINA MARGHERITA PIAZZA CASA PROFESSA N.3/B|789
68|210|SCUOLA DELL'INFANZIA "TOMASELLI" VIA ABRUZZI N.2|1055
69|128|SCUOLA PRIMARIA "CAVALLARI" CORSO DEI MILLE N.793|1040
70|135|SCUOLA PRIMARIA "MONTEGRAPPA" VIA ROCCELLA GUSTAVO N.37|793
71|96|SCUOLA PRIMARIA "F.CRISPI" INGR.PAD.1 VIA BARISANO DA TRANI N.7|1014
72|77|SCUOLA PRIMARIA "TURRISI COLONNA" PIAZZA GRAN CANCELLIERE N.1|1185
73|93|SCUOLA PRIMARIA "FILIPPO RACITI" VIA ALIA N.16|850
74|125|SCUOLA PRIMARIA "MANTEGNA" VIA BOLOGNI N.4|1044
75|80|SCUOLA PRIMARIA "F.CRISPI" INGR.PAD.1 VIA BARISANO DA TRANI N.7|885
76|110|SCUOLA PRIMARIA "TURRISI COLONNA" PIAZZA GRAN CANCELLIERE N.1|1123
77|119|SCUOLA PRIMARIA "BERNINI" VIA PAPALEO PIETRO N.8|654
78|141|SCUOLA PRIMARIA "F.CRISPI" INGR.PAD.2 VIA BARISANO DA TRANI N.7|914
79|132|SCUOLA DELL'INFANZIA "JACK LONDON" VIA LONDON JACK N.1/A|1067
80|143|SCUOLA SECOND. DI I GRADO "MATTARELLA" VIA BONAGIA N.14|1060
81|164|SCUOLA PRIMARIA "SAN LORENZO" VIA S.LORENZO N.89|925
82|89|SCUOLA ELEMENTARE "MANCINO" VIA BELMONTE CHIAVELLI N.111/D|1195
83|118|SCUOLA PRIMARIA "VITALI" VIA INSERRA N.1|1235
84|152|SCUOLA DELL'INFANZIA "JACK LONDON" VIA LONDON JACK N.1/A|957
85|83|ISTITUTO MAGISTRALE REGINA MARGHERITA PIAZZA CASA PROFESSA N.3/B|918
86|145|SCUOLA PRIMARIA "PAULSEN" P.LE CARPINO FRANCESCO CARD. N.3|1093
87|152|DIREZIONE DIDATTICA "DE GASPERI" PIAZZA GIOVANNI PAOLO II PAPA N.24|865
88|175|SCUOLA PRIMARIA "BRAGAGLIA" VIA BRAGAGLIA MARINELLA N.23|897
89|70|SCUOLA PRIMARIA E DELL'INF. "NUCCIO" VIA MONGITORE ANTONINO N.4|809
90|146|SCUOLA PRIMARIA "SALGARI" VIA PARATORE GIUSEPPE N.34|917
91|191|SCUOLA PRIMARIA "PASCOLI" VIA NETTUNO N.7|1142
92|117|SCUOLA PRIMARIA "PALAGONIA" VIA PRINCIPE DI PALAGONIA N.46|853
93|137|SCUOLA SECOND.I GRADO "A.GRAMSCI" VIA ARCOLEO GIUSEPPE N.78|696
94|177|SCUOLA PRIMARIA "TRINACRIA" VIA TRINACRIA N.1|905
95|69|SCUOLA PRIMARIA E DELL'INF. "NUCCIO" VIA MONGITORE ANTONINO N.4|794
96|170|SCUOLA PRIMARIA "G.FAVA" VIA MONTE S.CALOGERO N.20|804
97|172|SCUOLA PRIMARIA "UMBERTO GIORDANO" VIA DAIDONE N.24|985
98|50|SCUOLA PRIMARIA E DELL'INF. "NUCCIO" VIA MONGITORE ANTONINO N.4|774
99|118|SCUOLA PRIMARIA "SALGARI" VIA PARATORE GIUSEPPE N.34|995
100|154|SCUOLA PRIMARIA "D'ANGELO PAOLO EMILIO" VIA S.LORENZO N.295|972
101|114|SCUOLA SECOND. DI I GRADO "MATTARELLA" VIA BONAGIA N.14|1073
102|147|SCUOLA SECOND.I GRADO "DANTE ALIGHIERI" VIA MARTURANO RUGGERO N.79|864
103|120|SCUOLA PRIMARIA "VITALI" VIA INSERRA N.1|1132
104|162|SCUOLA SECOND. DI I GRADO "MATTARELLA" VIA BONAGIA N.14|949
105|70|SCUOLA PRIMARIA E DELL'INF. "SALERNO" VIA SALERNO N.19|832
106|201|SCUOLA PRIMARIA "SAN LORENZO" VIA S.LORENZO N.89|937
107|128|SCUOLA PRIMARIA "F.CRISPI" INGR.PAD.2 VIA BARISANO DA TRANI N.7|889
108|138|SCUOLA PRIMARIA E DELL'INF. "SALERNO" VIA SALERNO N.19|1067
109|132|SCUOLA PRIMARIA "COLLODI" VIA BRIUCCIA N.89|725
110|127|SCUOLA SECOND. DI I GRADO "MATTARELLA" VIA BONAGIA N.14|902
111|95|SCUOLA PRIM. E DELL'INFANZ."L.SCIASCIA" VIA SMITH ADAMO N.19|829
112|111|SCUOLA PRIM. E DELL'INFANZ."L.SCIASCIA" VIA SMITH ADAMO N.19|983
113|141|SCUOLA ELEMENTARE "CASTROGIOVANNI" VIA CRISTODULO AMMMIRAGLIO N.3|1017
114|63|ISTITUTO MAGISTRALE REGINA MARGHERITA PIAZZA CASA PROFESSA N.3/B|853
115|53|SCUOLA PRIMARIA "EX SCIASCIA" VIA MARCHESE NICOLO' PENSABENE N.34|760
116|157|SCUOLA PRIMARIA "LA MASA" VIA LA MASA GIUSEPPE N.17|919
117|165|SCUOLA PRIMARIA "LA MASA" VIA LA MASA GIUSEPPE N.17|934
118|166|SCUOLA PRIMARIA "LA MASA" VIA LA MASA GIUSEPPE N.17|934
119|108|SCUOLA PRIMARIA "LA MASA" VIA LA MASA GIUSEPPE N.17|864
120|119|SCUOLA PRIMARIA "MARVUGLIA" VIA RALLO ALBERTO N.9|893
121|109|SCUOLA PRIMARIA "MONTEGRAPPA" VIA ROCCELLA GUSTAVO N.37|877
122|161|SCUOLA PRIMARIA "LA MASA" VIA LA MASA GIUSEPPE N.17|952
123|124|SCUOLA PRIMARIA "MONTEGRAPPA" VIA ROCCELLA GUSTAVO N.37|868
124|123|SCUOLA PRIMARIA "ETTORE ARCULEO" VIA SCHIFANI VITO N.3|824
125|130|SCUOLA SECOND. DI I GRADO "MATTARELLA" VIA BONAGIA N.14|921
126|84|SCUOLA SECONDARIA I GRADO "FEDERICO II" VIA PIER DELLE VIGNE N.13|1033
127|139|SCUOLA ELEMENTARE "CASTROGIOVANNI" VIA CRISTODULO AMMMIRAGLIO N.3|1195
128|190|SCUOLA SECOND.I GRADO "ARCHIMEDE" PIAZZA CASTELNUOVO N.40|966
129|75|SCUOLA SEC.I GR."PR.SSA ELENA DI NAPOLI" VIA USTICA N.46|1069
130|108|SCUOLA PRIMARIA "NATOLI" CORSO DEI MILLE N.1486|883
131|102|SCUOLA PRIMARIA "MARABITTI" VIA SPEDALIERI NICOLO' N.52|824
132|146|SCUOLA SECONDARIA I GRADO "FEDERICO II" VIA PIER DELLE VIGNE N.13|1167
133|87|SCUOLA PRIM.E DELL'INF."BAVIERA" VIA BAVIERA GIOVANNI N.22|723
134|128|SCUOLA PRIMARIA "GABELLI" VIA EUGENIO L'EMIRO N.30|1029
135|92|SCUOLA SECONDARIA I GRADO "FEDERICO II" VIA PIER DELLE VIGNE N.13|1073
136|50|SCUOLA PRIMARIA "EX SCIASCIA" VIA MARCHESE NICOLO' PENSABENE N.34|984
137|132|SCUOLA SECOND.I GRADO "V.E.ORLANDO" VIA LUSSEMBURGO N.103|735
138|101|SCUOLA PRIMARIA "NATOLI" CORSO DEI MILLE N.1486|1140
139|93|SCUOLA SECONDARIA I GRADO "FEDERICO II" VIA PIER DELLE VIGNE N.13|1007
140|86|SCUOLA SECONDARIA I GRADO "FEDERICO II" VIA PIER DELLE VIGNE N.13|1061
141|121|SCUOLA SECOND.I GRADO "V.E.ORLANDO" VIA LUSSEMBURGO N.103|698
142|185|SCUOLA SECOND.I GR."GARIBALDI" VIA DELLE CROCI N.5|1080
143|169|SCUOLA SECOND.I GRADO "V.E.ORLANDO" VIA LUSSEMBURGO N.103|711
144|185|SCUOLA PRIMARIA "COLLODI" VIA BRIUCCIA N.89|967
145|127|DIREZIONE DIDATTICA "DE GASPERI" PIAZZA GIOVANNI PAOLO II PAPA N.24|727
146|123|SCUOLA PRIMARIA "ETTORE ARCULEO" VIA SCHIFANI VITO N.3|1708
147|179|DIREZIONE DIDATTICA "DE GASPERI" PIAZZA GIOVANNI PAOLO II PAPA N.24|911
148|189|SCUOLA SECOND. DI I GRADO "PIAZZI" VIA RUTELLI MARIO N.50|982
149|160|SCUOLA PRIMARIA "G.FAVA" VIA MONTE S.CALOGERO N.20|825
150|108|SCUOLA SECOND.I GR."LEONARDO DA VINCI" VIA SERRADIFALCO N.190|890
151|94|SCUOLA PRIMARIA "ETTORE ARCULEO" VIA SCHIFANI VITO N.3|675
152|103|SCUOLA PRIMARIA "MARABITTI" VIA SPEDALIERI NICOLO' N.52|873
153|191|SCUOLA PRIMARIA "GIOVANNI XXIII" VIA SAMPOLO N.63|1017
154|94|SCUOLA PRIMARIA "MARABITTI" VIA SPEDALIERI NICOLO' N.52|968
155|101|SCUOLA PRIMARIA "F.CRISPI" INGR.PAD.1 VIA BARISANO DA TRANI N.7|873
156|118|SCUOLA PRIMARIA "MARVUGLIA" VIA RALLO ALBERTO N.9|955
157|154|SCUOLA SECOND. DI I GRADO "VERDI" VIA FERMI ENRICO N.2|734
158|96|SCUOLA PRIMARIA "MARABITTI" VIA SPEDALIERI NICOLO' N.52|876
159|85|SCUOLA PRIMARIA "MARVUGLIA" VIA RALLO ALBERTO N.9|922
160|88|SCUOLA PRIMARIA "MARVUGLIA" VIA RALLO ALBERTO N.9|867
161|150|SCUOLA SECOND.I GRADO "DANTE ALIGHIERI" VIA MARTURANO RUGGERO N.79|829
162|85|SCUOLA SECOND.I GRADO "DANTE ALIGHIERI" VIA MARTURANO RUGGERO N.79|817
163|161|SCUOLA PRIMARIA "IGNAZIO BUTTITTA" VIA CIMABUE GIOVANNI N.20|1118
164|83|SCUOLA PRIMARIA "MARVUGLIA" VIA RALLO ALBERTO N.9|934
165|109|SCUOLA SECOND.I GR. "LEONARDO DA VINCI" VIA DI GIORGI FERDINANDO N.48|781
166|132|SCUOLA PRIMARIA "MARVUGLIA" VIA RALLO ALBERTO N.9|932
167|133|SCUOLA PRIM.E DELL'INF."CASTELLANA" VIA CASTELLANA N.40|955
168|149|SCUOLA PRIMARIA "UMBERTO GIORDANO" VIA DAIDONE N.24|857
169|161|SCUOLA SECOND.I GRADO "DANTE ALIGHIERI" VIA MARTURANO RUGGERO N.79|877
170|154|SCUOLA SECOND. DI I GRADO "PIAZZI" VIA RUTELLI MARIO N.50|1103
171|175|SCUOLA SECOND.I GRADO "GENTILI" VIA LO JACONO FRANCESCO N.1|1021
172|177|SCUOLA SECOND. DI I GRADO "PIAZZI" VIA RUTELLI MARIO N.50|1015
173|167|SCUOLA SECOND.I GRADO "GENTILI" VIA LO JACONO FRANCESCO N.1|907
174|190|SCUOLA PRIMARIA "BORSELLINO" VIA GIOTTO N.41|891
175|124|SCUOLA PRIMARIA "G. COSTA" VIA UGHETTI GIOVANBATTISTA N.27|963
176|188|SCUOLA PRIMARIA "ALMEJDA - PITRE'" VIA DAMIANI ALMEJDA N.27|893
177|170|SCUOLA PRIMARIA "RAPISARDI" VIA CALTANISSETTA N.27|865
178|171|SCUOLA PRIMARIA "ALMEJDA - PITRE'" VIA DAMIANI ALMEJDA N.27|1064
179|148|SC.SECOND.I GRADO "DEL FERVORE" VIA DEL FERVORE N.5|833
180|135|SCUOLA PRIMARIA "RAPISARDI" VIA CALTANISSETTA N.27|756
181|121|SCUOLA PRIMARIA "RAGUSA MOLETI" VIA RAGUSA MOLETI N.8|748
182|140|SCUOLA PRIMARIA "RAPISARDI" VIA CALTANISSETTA N.27|792
183|128|SCUOLA PRIMARIA "RAPISARDI" VIA CALTANISSETTA N.27|729
184|134|SCUOLA PRIMARIA "RAPISARDI" VIA CALTANISSETTA N.27|770
185|162|SCUOLA PRIMARIA "RAPISARDI" VIA CALTANISSETTA N.27|870
186|96|SCUOLA PRIMARIA "OBERDAN" VIA SPICA PIETRO N.5|788
187|123|SC.SECOND.I GRADO "DEL FERVORE" VIA DEL FERVORE N.5|820
188|95|SCUOLA PRIMARIA "BORGO ULIVIA" VIA ORTIGIA N.19|1020
189|151|SCUOLA PRIMARIA "BORGO ULIVIA" VIA ORTIGIA N.19|1054
190|138|SCUOLA PRIMARIA "NUOVO PAGLIARELLI" VIA VILLANI GIOVANNI N.40|1025
191|185|SCUOLA SECOND.I GRADO "GENTILI" VIA LO JACONO FRANCESCO N.1|943
192|194|SCUOLA SECOND.I GRADO "ARCHIMEDE" PIAZZA CASTELNUOVO N.40|1013
193|135|SCUOLA PRIMARIA "NICOLO' TURRISI" PZZA ORLANDO VITTORIO EMANUELE N.3|933
194|151|SCUOLA PRIMARIA "NICOLO' TURRISI" PZZA ORLANDO VITTORIO EMANUELE N.3|938
195|128|SCUOLA DELL'INFANZIA ZS 10 VIA PALAZZOTTO F.P. E G.B. N. 5|894
196|105|SCUOLA PRIMARIA E DELL'INF. "SALERNO" VIA SALERNO N.19|1069
197|124|SC.SECOND.I GRADO "DEL FERVORE" VIA DEL FERVORE N.5|831
198|133|SC.SECOND.I GRADO "DEL FERVORE" VIA DEL FERVORE N.5|841
199|114|SCUOLA PRIMARIA "F.CRISPI" INGR.PAD.1 VIA BARISANO DA TRANI N.7|920
200|153|SCUOLA PRIMARIA "VERGA" VIA UDITORE N.21|999
201|145|SCUOLA PRIMARIA "NICOLO' TURRISI" PZZA ORLANDO VITTORIO EMANUELE N.3|857
202|113|SCUOLA PRIMARIA "COLOZZA" VIA IMERA N.32|967
203|118|SCUOLA PRIMARIA "FILIPPO RACITI" VIA ALIA N.16|933
204|132|SCUOLA PRIM.E DELL'INF."CASTELLANA" VIA CASTELLANA N.40|943
205|115|SCUOLA PRIMARIA "COLOZZA" VIA IMERA N.32|949
206|114|SCUOLA PRIMARIA "COLOZZA" VIA IMERA N.32|1025
207|115|DIREZIONE DIDATTICA "CAPUANA" VIA NARBONE ALESSIO N.55|847
208|121|SCUOLA PRIMARIA "PALAGONIA" VIA PRINCIPE DI PALAGONIA N.46|913
209|141|SCUOLA PRIMARIA E INFANZIA "M.GANDHI" VIA SARDEGNA N.55|758
210|159|SCUOLA PRIMARIA "SAN LORENZO" VIA S.LORENZO N.89|958
211|90|SCUOLA PRIMARIA "COLOZZA" VIA IMERA N.32|946
212|180|SCUOLA DELL'INFANZIA "TOMASELLI" VIA ABRUZZI N.2|1016
213|137|SCUOLA PRIMARIA "COLLODI" VIA BRIUCCIA N.89|859
214|125|SCUOLA MATERNA COM.LE "WHITAKER" VIA GUERRAZZI F.SCO DOMENICO N.1|967
215|135|SCUOLA SEC. 1Â° GRADO "SALEMI" VIA SALEMI FRANCESCO GEN. N.22|1037
216|211|SCUOLA PRIMARIA "G.FAVA" VIA MONTE S.CALOGERO N.20|994
217|148|DIREZIONE DIDATTICA "CAPUANA" VIA NARBONE ALESSIO N.55|1023
218|219|SCUOLA PRIMARIA "MARVUGLIA" VIA RALLO ALBERTO N.9|1277
219|143|DIREZIONE DIDATTICA "CAPUANA" VIA NARBONE ALESSIO N.55|1041
220|108|DIREZIONE DIDATTICA "CAPUANA" VIA NARBONE ALESSIO N.55|921
221|91|DIREZIONE DIDATTICA "CAPUANA" VIA NARBONE ALESSIO N.55|853
222|120|SCUOLA PRIMARIA "MARVUGLIA" VIA RALLO ALBERTO N.9|988
223|72|SCUOLA PRIMARIA "ETTORE ARCULEO" VIA SCHIFANI VITO N.3|631
224|224|DIREZIONE DIDATTICA "CAPUANA" VIA NARBONE ALESSIO N.55|876
225|138|SCUOLA PRIMARIA "ROSOLINO PILO" VIA LA FRANCA SEBASTIANO N.70|925
226|118|DIREZIONE DIDATTICA "CAPUANA" VIA NARBONE ALESSIO N.55|881
227|86|SCUOLA PRIMARIA "MEDAGLIE D'ORO" VIA DEODATO PIER LUIGI N.7|891
228|116|SCUOLA PRIMARIA "MEDAGLIE D'ORO" VIA DEODATO PIER LUIGI N.7|1024
229|92|SCUOLA PRIMARIA "F.SCO ORESTANO" VIA S.CIRO N.48|984
230|80|SCUOLA PRIMARIA "TOMASINO BARTOLOMEO" VIA S.MARIA DI GESU' N.89|935
231|112|SCUOLA PRIMARIA "VILLAGRAZIA" VIA VILLAGRAZIA N.298|1186
232|81|SCUOLA PRIMARIA E DELL'INF."IEVOLELLA" VIA SERRADIFALCO N.3|879
233|138|SCUOLA PRIMARIA E DELL'INF."IEVOLELLA" VIA SERRADIFALCO N.3|885
234|92|SCUOLA PRIM.E DELL'INFANZ."BONANNO" VIA PITRE' GIUSEPPE N.183|955
235|75|SCUOLA PRIMARIA "SCIPIONE DI CASTRO" VIA DI CASTRO SCIPIONE N.22|704
236|131|SCUOLA SECOND.I GR."LEONARDO DA VINCI" VIA SERRADIFALCO N.190|934
237|184|SCUOLA PRIMARIA "GABELLI" VIA EUGENIO L'EMIRO N.30|1106
238|161|SCUOLA PRIMARIA "BORSELLINO" VIA GIOTTO N.41|838
239|131|SCUOLA MATERNA COM.LE "WHITAKER" VIA GUERRAZZI F.SCO DOMENICO N.1|1010
240|178|SCUOLA PRIMARIA "BORSELLINO" VIA GIOTTO N.41|919
241|64|SCUOLA PRIMARIA "SCIPIONE DI CASTRO" VIA DI CASTRO SCIPIONE N.22|872
242|70|SCUOLA PRIMARIA "SCIPIONE DI CASTRO" VIA DI CASTRO SCIPIONE N.22|857
243|122|SCUOLA PRIMARIA "IGNAZIO BUTTITTA" VIA CIMABUE GIOVANNI N.20|915
244|130|SCUOLA PRIMARIA "GABELLI" VIA EUGENIO L'EMIRO N.30|1104
245|75|SCUOLA PRIMARIA "SCIPIONE DI CASTRO" VIA DI CASTRO SCIPIONE N.22|828
246|77|SCUOLA PRIMARIA "SCIPIONE DI CASTRO" VIA DI CASTRO SCIPIONE N.22|863
247|71|SCUOLA PRIMARIA "LOMBARDO RADICE" CORSO CALATAFIMI N.241|884
248|151|SCUOLA PRIMARIA "LOMBARDO RADICE" CORSO CALATAFIMI N.241|1035
249|83|SCUOLA PRIMARIA "LOMBARDO RADICE" CORSO CALATAFIMI N.241|756
250|177|SCUOLA PRIMARIA "SALGARI" VIA PARATORE GIUSEPPE N.34|982
251|120|SCUOLA PRIMARIA "LOMBARDO RADICE" CORSO CALATAFIMI N.241|875
252|156|SCUOLA PRIMARIA "BERNINI" VIA PAPALEO PIETRO N.8|998
253|120|SCUOLA PRIM.E DELL'INF."BAVIERA" VIA BAVIERA GIOVANNI N.22|735
254|102|SCUOLA PRIMARIA "LOMBARDO RADICE" CORSO CALATAFIMI N.241|825
255|152|SCUOLA PRIMARIA "F.CRISPI" INGR.PAD.1 VIA BARISANO DA TRANI N.7|861
256|107|SCUOLA PRIMARIA "LOMBARDO RADICE" CORSO CALATAFIMI N.241|806
257|91|SCUOLA PRIMARIA "FILIPPO RACITI" VIA ALIA N.16|913
258|121|SCUOLA PRIMARIA "BASILE" LARGO CORLEONE N.11/T|1082
259|64|SCUOLA PRIMARIA "DEL VESPRO" VIA OS.1 N.2|763
260|200|SCUOLA PRIMARIA "BORSELLINO" VIA GIOTTO N.41|1113
261|111|SCUOLA PRIMARIA "AMARI" VIA INGRASSIA GIAN FILIPPO N.33|798
262|127|SCUOLA PRIMARIA "RIZZO" VIA SERGIO PAPA I N.21/D|942
263|96|SCUOLA PRIMARIA "AMARI" VIA INGRASSIA GIAN FILIPPO N.33|714
264|162|SCUOLA PRIMARIA "TEN. ONORATO" VIA TACITO N.34|1172
265|83|SCUOLA PRIMARIA "DEL VESPRO" VIA OS.1 N.2|724
266|120|SCUOLA PRIMARIA "D'ANGELO PAOLO EMILIO" VIA S.LORENZO N.295|1023
267|60|SCUOLA PRIMARIA "AMARI" VIA INGRASSIA GIAN FILIPPO N.33|851
268|187|SCUOLA PRIMARIA "SAN DOMENICO SAVIO" VIALE DELLA RESURREZIONE N.1|1201
269|110|SCUOLA PRIMARIA "ROSOLINO PILO" VIA LA FRANCA SEBASTIANO N.70|835
270|111|SCUOLA SECOND.DI I GRADO "MAZZINI" VIA DE MARIA FEDERICO N.36|841
271|93|SCUOLA PRIMARIA "BASILE" LARGO CORLEONE N.11/T|1097
272|128|SCUOLA SECOND.DI I GRADO "MAZZINI" VIA DE MARIA FEDERICO N.36|987
273|97|SCUOLA PRIMARIA "LOMBARDO RADICE" CORSO CALATAFIMI N.241|834
274|76|SCUOLA PRIMARIA "MONTEGRAPPA" VIA ROCCELLA GUSTAVO N.37|769
275|83|ISTITUTO COMPRENSIVO "FALCONE" VIA BASILE ERNESTO N.170|811
276|118|SCUOLA PRIMARIA "MEDAGLIE D'ORO" VIA DEODATO PIER LUIGI N.7|807
277|80|ISTITUTO COMPRENSIVO "FALCONE" VIA BASILE ERNESTO N.170|876
278|136|ISTITUTO COMPRENSIVO "FALCONE" VIA BASILE ERNESTO N.170|810
279|82|SCUOLA PRIMARIA "LOMBARDO RADICE" CORSO CALATAFIMI N.241|742
280|85|SCUOLA PRIMARIA "BORGO ULIVIA" VIA ORTIGIA N.19|1116
281|89|SCUOLA PRIMARIA "GIOBERTI" VIA LAZZARO CARMELO N.1|791
282|90|SCUOLA PRIMARIA "NATOLI" CORSO DEI MILLE N.1486|917
283|167|SCUOLA PRIMARIA "COLLODI" VIA BRIUCCIA N.89|941
284|98|SCUOLA PRIMARIA "GIOBERTI" VIA LAZZARO CARMELO N.1|873
285|99|SCUOLA PRIMARIA "TOMMASO NATALE" VIA LIMONE N.19|847
286|87|SCUOLA PRIMARIA "DEL VESPRO" VIA OS.1 N.2|720
287|130|SCUOLA PRIMARIA "CAVALLARI" CORSO DEI MILLE N.793|966
288|56|SCUOLA PRIMARIA "MATTARELLA" VIALE DI VITTORIO GIUSEPPE N.7|766
289|88|SCUOLA PRIMARIA "GIOBERTI" VIA LAZZARO CARMELO N.1|872
290|121|SCUOLA PRIMARIA "ROSOLINO PILO" VIA LA FRANCA SEBASTIANO N.70|888
291|80|SCUOLA PRIMARIA "DEL VESPRO" VIA OS.1 N.2|702
292|53|SCUOLA SECOND.DI I GR."S.BOCCONE" VIA DEL VESPRO N.72|681
293|154|SCUOLA SECOND.I GRADO "V.E.ORLANDO" VIA LUSSEMBURGO N.103|694
294|79|SCUOLA SECOND.DI I GR."S.BOCCONE" VIA DEL VESPRO N.72|777
295|148|SCUOLA PRIMARIA "MARVUGLIA" VIA RALLO ALBERTO N.9|984
296|165|SCUOLA PRIM.E DELL'INFANZ."LAMBRUSCHINI" VIA DON GIOVANNI MINZONI N.1|802
297|95|SCUOLA PRIMARIA "F.P. PEREZ" PIAZZA PEREZ FRANCESCO PAOLO N.1|872
298|66|SCUOLA SECOND.DI I GR."S.BOCCONE" VIA DEL VESPRO N.72|695
299|87|SCUOLA SECOND.DI I GR."S.BOCCONE" VIA DEL VESPRO N.72|763
300|110|SCUOLA PRIMARIA "ROSOLINO PILO" VIA LA FRANCA SEBASTIANO N.70|898
301|75|SCUOLA SECOND.DI I GR."S.BOCCONE" VIA DEL VESPRO N.72|785
302|182|SCUOLA PRIMARIA "PAULSEN" P.LE CARPINO FRANCESCO CARD. N.3|1018
303|100|SCUOLA PRIM.E DELL'INF."CASTELLANA" VIA CASTELLANA N.40|982
304|104|SCUOLA PRIMARIA "ROSOLINO PILO" VIA LA FRANCA SEBASTIANO N.70|931
305|105|SCUOLA PRIMARIA "F.P. PEREZ" PIAZZA PEREZ FRANCESCO PAOLO N.1|926
306|79|SCUOLA SECOND.DI I GR."S.BOCCONE" VIA DEL VESPRO N.72|826
307|147|SCUOLA PRIMARIA "G.FAVA" VIA MONTE S.CALOGERO N.20|815
308|86|SCUOLA PRIMARIA "F.P. PEREZ" PIAZZA PEREZ FRANCESCO PAOLO N.1|815
309|85|SCUOLA PRIMARIA "F.P. PEREZ" PIAZZA PEREZ FRANCESCO PAOLO N.1|898
310|131|DIREZIONE DIDATTICA "DE GASPERI" PIAZZA GIOVANNI PAOLO II PAPA N.24|745
311|106|SCUOLA ELEMENTARE "CASTROGIOVANNI" VIA CRISTODULO AMMMIRAGLIO N.3|1005
312|167|SCUOLA SEC. 1Ã?Â° GRADO "ASTORINO" VIA ASTORINO GERARDO N.21|965
313|156|SCUOLA ELEMENTARE "CASTROGIOVANNI" VIA CRISTODULO AMMMIRAGLIO N.3|958
314|146|SCUOLA DELL'INFANZIA"PASS.DEI PICCIOTTI" PASSAGGIO DEI PICCIOTTI N.3|989
315|85|SCUOLA PRIMARIA "CAVALLARI" CORSO DEI MILLE N.793|848
316|139|SCUOLA DELL'INFANZIA"PASS.DEI PICCIOTTI" PASSAGGIO DEI PICCIOTTI N.3|1122
317|121|SCUOLA PRIMARIA "NAZARIO SAURO" VIALE AMEDEO D'AOSTA N.20|1159
318|68|SCUOLA PRIMARIA "NAZARIO SAURO" VIALE AMEDEO D'AOSTA N.20|1011
319|110|SCUOLA DELL'INFANZIA "DIAZ VECCHIO" VIA REGINA MARIA DI SICILIA N.7|993
320|102|SCUOLA DELL'INFANZIA "DIAZ VECCHIO" VIA REGINA MARIA DI SICILIA N.7|984
321|140|SCUOLA DELL'INFANZIA"PASS.DEI PICCIOTTI" PASSAGGIO DEI PICCIOTTI N.3|958
322|138|SCUOLA PRIMARIA "NAZARIO SAURO" VIALE AMEDEO D'AOSTA N.20|1124
323|105|SCUOLA DELL'INFANZIA "DIAZ VECCHIO" VIA REGINA MARIA DI SICILIA N.7|984
324|77|SCUOLA PRIMARIA "RANDAZZO" VIA SPERONE N.79|1035
325|123|SCUOLA PRIMARIA "RANDAZZO" VIA SPERONE N.79|1145
326|113|SCUOLA PRIMARIA "NATOLI" CORSO DEI MILLE N.1486|1016
327|99|SCUOLA DELL'INFANZIA "DIAZ VECCHIO" VIA REGINA MARIA DI SICILIA N.7|1048
328|138|SCUOLA PRIMARIA "BRAGAGLIA" VIA BRAGAGLIA MARINELLA N.23|919
329|100|SCUOLA PRIMARIA "NUOVO PAGLIARELLI" VIA VILLANI GIOVANNI N.40|1003
330|71|SCUOLA PRIMARIA "BIXIO" VIA CASSARO N.2|912
331|121|SCUOLA PRIM."ILARIA ALPI"(A CROCEVERDE) CORSO DEI MILLE N.1672|869
332|95|SCUOLA PRIMARIA "F.SCO ORESTANO" VIA S.CIRO N.48|956
333|116|SCUOLA PRIMARIA "F.SCO ORESTANO" VIA S.CIRO N.48|950
334|122|SCUOLA PRIMARIA "TOMASINO BARTOLOMEO" VIA S.MARIA DI GESU' N.89|1116
335|78|SCUOLA PRIMARIA "F.SCO ORESTANO" VIA S.CIRO N.48|1058
336|136|SCUOLA PRIMARIA "BORGO ULIVIA" VIA ORTIGIA N.19|992
337|70|SCUOLA PRIMARIA "OBERDAN" VIA SPICA PIETRO N.5|1100
338|102|SCUOLA PRIMARIA "OBERDAN" VIA SPICA PIETRO N.5|1098
339|58|SCUOLA PRIMARIA "G. COSTA" VIA UGHETTI GIOVANBATTISTA N.27|1099
340|126|SCUOLA SECOND.DI I GRADO "MAZZINI" VIA DE MARIA FEDERICO N.36|906
341|77|SCUOLA PRIMARIA "OBERDAN" VIA SPICA PIETRO N.5|732
342|110|SCUOLA PRIMARIA "BORGO ULIVIA" VIA ORTIGIA N.19|1033
343|143|SCUOLA PRIMARIA "BORGO ULIVIA" VIA ORTIGIA N.19|972
344|138|SCUOLA DELL'INFANZIA ZS 10 VIA PALAZZOTTO F.P. E G.B. N. 5|899
345|118|SCUOLA ELEMENTARE "MANCINO" VIA BELMONTE CHIAVELLI N.111/D|1167
346|157|SCUOLA SECOND. DI I GRADO "VERDI" VIA FERMI ENRICO N.2|782
347|114|SCUOLA PRIMARIA "BARONE DELLA SCALA" BAGLIO BARONE DELLA SCALA N.22|1326
348|113|SCUOLA PRIMARIA "BARONE DELLA SCALA" BAGLIO BARONE DELLA SCALA N.22|1165
349|135|SCUOLA PRIMARIA "VILLAGRAZIA" VIA VILLAGRAZIA N.298|1213
350|167|SCUOLA SECOND.DI I GRADO "MARCONI" VIA DI GIORGIO ANTONINO GEN. N.4|951
351|115|SCUOLA SECOND.I GRADO "A.GRAMSCI" VIA ARCOLEO GIUSEPPE N.78|728
352|126|SCUOLA PRIMARIA "VILLAGRAZIA" VIA VILLAGRAZIA N.298|1239
353|163|SCUOLA PRIMARIA "DONAUDY" PIAZZA DONAUDY STEFANO N.16|820
354|66|SCUOLA PRIMARIA "F.SCO ORESTANO" VIA S.CIRO N.48|955
355|131|SCUOLA PRIMARIA "BRAGAGLIA" VIA BRAGAGLIA MARINELLA N.23|929
356|132|SCUOLA PRIMARIA "BORGO ULIVIA" VIA ORTIGIA N.19|1009
357|163|SCUOLA PRIMARIA "PAULSEN" P.LE CARPINO FRANCESCO CARD. N.3|1066
358|155|SCUOLA SECOND.I GR. "LEONARDO DA VINCI" VIA DI GIORGI FERDINANDO N.48|828
359|120|SCUOLA PRIMARIA "BORSELLINO" LARGO CAMASTRA N.4|949
360|134|SCUOLA PRIMARIA "VITTORINO DA FELTRE" Corso Calatafimi n. 1035|977
361|141|SCUOLA PRIMARIA "F.CRISPI" INGR.PAD.1 VIA BARISANO DA TRANI N.7|892
362|144|SCUOLA PRIMARIA "ANDREA SOLE" VIA MOLARA N.30|1263
363|177|SCUOLA SECOND. DI I GRADO "PIAZZI" VIA RUTELLI MARIO N.50|998
364|155|SCUOLA PRIMARIA "GARZILLI" VIA ISONZO N.7|1002
365|120|SCUOLA PRIMARIA "SUNSERI" VIA SUNSERI GIUSEPPE N.19|761
366|143|SCUOLA DELL'INFANZIA ZS 10 VIA PALAZZOTTO F.P. E G.B. N. 5|1084
367|156|SCUOLA PRIMARIA "PASCOLI" VIA NETTUNO N.7|1173
368|98|SCUOLA SEC.I GR."PR.SSA ELENA DI NAPOLI" VIA USTICA N.46|823
369|154|SCUOLA DELL'INFANZIA ZS 10 VIA PALAZZOTTO F.P. E G.B. N. 5|914
370|135|SCUOLA PRIM.E DELL'INFANZ."BONANNO" VIA PITRE' GIUSEPPE N.183|926
371|133|SCUOLA PRIM.E DELL'INFANZ."BONANNO" VIA PITRE' GIUSEPPE N.183|998
372|101|SCUOLA PRIMARIA "DE AMICIS E" VIA SAURO NAZARIO N.11|738
373|51|SCUOLA SEC.I GR."PR.SSA ELENA DI NAPOLI" VIA USTICA N.46|725
374|111|SCUOLA PRIMARIA "MANTEGNA" VIA BOLOGNI N.4|1003
375|186|SCUOLA PRIMARIA "MANTEGNA" VIA BOLOGNI N.4|1165
376|105|SCUOLA SECOND.DI I GRADO "BORGESE" PIAZZA FERRINI CONTARDO N.13|735
377|131|SCUOLA PRIMARIA "MANTEGNA" VIA BOLOGNI N.4|1110
378|144|SCUOLA PRIMARIA "MANTEGNA" VIA BOLOGNI N.4|1224
379|52|SCUOLA PRIMARIA "PADRE PUGLISI" VIA GIANNOTTA NICOLO' N.4|649
380|106|SCUOLA PRIMARIA "BASILE" LARGO CORLEONE N.11/T|1144
381|139|SCUOLA PRIMARIA "ROSMINI" VIA CRUILLAS N.4|919
382|113|SCUOLA PRIMARIA "TOMMASO NATALE" VIA LIMONE N.19|989
383|111|SCUOLA PRIMARIA "TOMMASO NATALE" VIA LIMONE N.19|882
384|133|SCUOLA DELL'INFANZIA "JACK LONDON" VIA LONDON JACK N.1/A|1039
385|178|SCUOLA PRIMARIA "TEN. ONORATO" VIA TACITO N.34|1172
386|126|SCUOLA PRIMARIA "TEN. ONORATO" VIA TACITO N.34|839
387|150|SCUOLA PRIMARIA "TEN. ONORATO" VIA TACITO N.34|1176
388|133|SCUOLA PRIMARIA "TEN. ONORATO" VIA TACITO N.34|1057
389|164|SCUOLA PRIMARIA "PASCOLI" VIA NETTUNO N.7|1200
390|131|SCUOLA PRIMARIA "PASCOLI" VIA NETTUNO N.7|1096
391|177|SCUOLA PRIMARIA "PASCOLI" VIA NETTUNO N.7|1164
392|191|SCUOLA PRIMARIA "ROSARIO GREGORIO" VIA MARINAI ALLIATA N.33|1077
393|206|SCUOLA PRIMARIA "RISO" VIA MONDELLO N.5|1165
394|210|SCUOLA PRIMARIA "RISO" VIA MONDELLO N.5|1222
395|181|SCUOLA PRIMARIA "ROSARIO GREGORIO" VIA MARINAI ALLIATA N.33|1188
396|190|SCUOLA PRIMARIA "ROSARIO GREGORIO" VIA MARINAI ALLIATA N.33|1132
397|150|SCUOLA PRIMARIA "SAN DOMENICO SAVIO" VIALE DELLA RESURREZIONE N.1|966
398|91|SCUOLA PRIMARIA "SAN DOMENICO SAVIO" VIALE DELLA RESURREZIONE N.1|1013
399|71|SCUOLA PRIM. E DELL'INFANZ."L.SCIASCIA" VIA SMITH ADAMO N.19|1111
400|109|SCUOLA SECOND.DI I GRADO "BORGESE" PIAZZA FERRINI CONTARDO N.13|761
401|145|SCUOLA PRIMARIA "F.CRISPI" INGR.PAD.1 VIA BARISANO DA TRANI N.7|807
402|79|SCUOLA SEC.I GR."PR.SSA ELENA DI NAPOLI" VIA USTICA N.46|940
403|160|SCUOLA SECOND.DI I GRADO "MARCONI" VIA DI GIORGIO ANTONINO GEN. N.4|858
404|146|SCUOLA PRIMARIA "TRINACRIA" VIA TRINACRIA N.1|696
405|204|SCUOLA DELL'INFANZIA "TOMASELLI" VIA ABRUZZI N.2|951
406|62|SCUOLA PRIMARIA "MATTARELLA" VIALE DI VITTORIO GIUSEPPE N.7|972
407|141|DIREZIONE DIDATTICA "DE GASPERI" PIAZZA GIOVANNI PAOLO II PAPA N.24|781
408|121|SCUOLA DELL'INFANZIA "DIAZ VECCHIO" VIA REGINA MARIA DI SICILIA N.7|962
409|136|SCUOLA PRIMARIA "SAN LORENZO" VIA S.LORENZO N.89|935
410|63|SCUOLA PRIMARIA "MATTARELLA" VIALE DI VITTORIO GIUSEPPE N.7|854
411|158|SCUOLA PRIMARIA "BENTIVEGNA" VIA S.LORENZO N.85|950
412|174|SCUOLA PRIMARIA "BENTIVEGNA" VIA S.LORENZO N.85|951
413|150|SCUOLA SEC. 1Ã?Â° GRADO "ASTORINO" VIA ASTORINO GERARDO N.21|1109
414|152|SCUOLA SEC. 1Ã?Â° GRADO "ASTORINO" VIA ASTORINO GERARDO N.21|1049
415|148|SCUOLA SEC. 1Ã?Â° GRADO "ASTORINO" VIA ASTORINO GERARDO N.21|1181
416|128|SCUOLA PRIMARIA "ROSMINI" VIA CRUILLAS N.4|807
417|69|SCUOLA PRIMARIA "PADRE PUGLISI" VIA GIANNOTTA NICOLO' N.4|705
418|103|SCUOLA PRIMARIA "DI BARTOLO" LUNGOMARE COLOMBO CRISTOFORO N.240|888
419|134|SCUOLA PRIMARIA "BORGO ULIVIA" VIA ORTIGIA N.19|992
420|117|SCUOLA PRIMARIA "RIZZO" VIA SERGIO PAPA I N.21/D|1017
421|109|SCUOLA PRIMARIA "RIZZO" VIA SERGIO PAPA I N.21/D|1092
422|146|SCUOLA SECOND.DI I GRADO "MARCONI" VIA DI GIORGIO ANTONINO GEN. N.4|843
423|104|SCUOLA PRIMARIA "TOMASINO BARTOLOMEO" VIA S.MARIA DI GESU' N.89|955
424|104|SCUOLA PRIMARIA "MARABITTI" VIA SPEDALIERI NICOLO' N.52|876
425|71|SCUOLA PRIMARIA "MARABITTI" VIA SPEDALIERI NICOLO' N.52|954
426|197|SCUOLA PRIM.E DELL'INFANZ."LAMBRUSCHINI" VIA DON GIOVANNI MINZONI N.1|1008
427|93|SCUOLA PRIMARIA "MARABITTI" VIA SPEDALIERI NICOLO' N.52|966
428|174|SCUOLA PRIMARIA "GIOVANNI XXIII" VIA SAMPOLO N.63|838
429|214|SCUOLA PRIMARIA "GIOVANNI XXIII" VIA SAMPOLO N.63|992
430|143|SCUOLA SECOND. DI I GRADO "MATTARELLA" VIA BONAGIA N.14|1032
431|151|SCUOLA PRIMARIA "D'ANGELO PAOLO EMILIO" VIA S.LORENZO N.295|1044
432|127|SCUOLA PRIMARIA "MANZONI" VIA PARLATORE FILIPPO N.56|773
433|150|SCUOLA PRIMARIA SANTOCANALE Via Polibio 1/b|1181
434|109|SCUOLA PRIMARIA "ROSMINI" VIA CRUILLAS N.4|838
435|130|SCUOLA PRIMARIA "MANZONI" VIA PARLATORE FILIPPO N.56|813
436|170|SCUOLA SECOND.I GR.E PRIM."VERDI" VIA CASELLA ALFREDO N.35|908
437|127|SCUOLA PRIMARIA "VITALI" VIA INSERRA N.1|1072
438|114|SCUOLA DELL'INFANZIA "PALADINI" PIAZZA CELLINI BENVENUTO N.4|892
439|94|SCUOLA PRIMARIA "DE AMICIS E" VIA SAURO NAZARIO N.11|981
440|70|SCUOLA PRIMARIA E DELL'INF."IEVOLELLA" VIA SERRADIFALCO N.3|752
441|80|SCUOLA PRIMARIA E DELL'INF."IEVOLELLA" VIA SERRADIFALCO N.3|776
442|47|SCUOLA PRIMARIA "DE AMICIS E" VIA SAURO NAZARIO N.11|891
443|66|SCUOLA PRIMARIA "DE AMICIS" VIA ROSSO DI S.SECONDO N.1|756
444|86|SCUOLA PRIMARIA "DE AMICIS E" VIA SAURO NAZARIO N.11|885
445|155|SCUOLA PRIMARIA "BENTIVEGNA" VIA S.LORENZO N.85|914
446|103|SCUOLA PRIMARIA "DE AMICIS" VIA ROSSO DI S.SECONDO N.1|909
447|84|SCUOLA PRIMARIA "DE AMICIS" VIA ROSSO DI S.SECONDO N.1|817
448|85|SCUOLA PRIMARIA "DE AMICIS E" VIA SAURO NAZARIO N.11|788
449|100|SCUOLA DELL'INFANZIA "DIAZ VECCHIO" VIA REGINA MARIA DI SICILIA N.7|839
450|133|SCUOLA PRIMARIA "VERGA" VIA UDITORE N.21|967
451|140|SCUOLA SECOND.I GR."TOMASI DI LAMPEDUSA" VIALE LEONARDO DA VINCI N.504|961
452|183|SCUOLA PRIMARIA "BERNINI" VIA PAPALEO PIETRO N.8|968
453|83|SCUOLA PRIMARIA "ROSMINI" VIA CRUILLAS N.4|691
454|79|SCUOLA PRIMARIA "NUOVO PAGLIARELLI" VIA VILLANI GIOVANNI N.40|1053
455|114|SCUOLA SECOND.I GR."TOMASI DI LAMPEDUSA" VIALE LEONARDO DA VINCI N.504|1005
456|139|SCUOLA PRIMARIA "NUOVO PAGLIARELLI" VIA VILLANI GIOVANNI N.40|1140
457|67|SCUOLA SECOND. DI I GRADO "MATTARELLA" VIA BONAGIA N.14|998
458|87|SCUOLA SECOND.I GRADO "PIRANDELLO" VIA DELL'USIGNOLO N.5|1055
459|132|SCUOLA PRIMARIA "BORGO ULIVIA" VIA ORTIGIA N.19|861
460|108|SCUOLA PRIMARIA "VITALI" VIA INSERRA N.1|1053
461|85|SCUOLA SECOND.DI I GRADO "BORGESE" PIAZZA FERRINI CONTARDO N.13|666
462|167|SCUOLA SECOND.I GR."LEONARDO DA VINCI" VIA SERRADIFALCO N.190|1022
463|136|SCUOLA SECOND.I GR.E PRIM."VERDI" VIA CASELLA ALFREDO N.35|942
464|149|SCUOLA PRIMARIA "GARZILLI" VIA ISONZO N.7|869
465|173|SCUOLA SECOND.DI I GRADO "MARCONI" VIA DI GIORGIO ANTONINO GEN. N.4|929
466|156|SCUOLA PRIMARIA "ROSARIO GREGORIO" VIA MARINAI ALLIATA N.33|1041
467|126|SCUOLA PRIMARIA "BRAGAGLIA" VIA BRAGAGLIA MARINELLA N.23|898
468|145|SCUOLA PRIMARIA "VITTORINO DA FELTRE" Corso Calatafimi n. 1035|955
469|143|SCUOLA PRIMARIA "DONAUDY" PIAZZA DONAUDY STEFANO N.16|866
470|184|SCUOLA PRIMARIA "ALMEJDA - PITRE'" VIA DAMIANI ALMEJDA N.27|981
471|127|SCUOLA PRIMARIA "ETTORE ARCULEO" VIA SCHIFANI VITO N.3|845
472|152|SCUOLA SECOND.I GR."TOMASI DI LAMPEDUSA" VIALE LEONARDO DA VINCI N.504|909
473|75|SCUOLA SEC.I GR."PR.SSA ELENA DI NAPOLI" VIA USTICA N.46|909
474|125|SCUOLA PRIMARIA "GABELLI" VIA EUGENIO L'EMIRO N.30|1029
475|57|SCUOLA PRIMARIA "MATTARELLA" VIALE DI VITTORIO GIUSEPPE N.7|833
476|61|SCUOLA PRIMARIA "BORSELLINO" LARGO CAMASTRA N.4|801
477|119|SCUOLA PRIMARIA "BIXIO" VIA CASSARO N.2|1048
478|160|SCUOLA PRIMARIA "BENTIVEGNA" VIA S.LORENZO N.85|1093
479|188|SCUOLA SECOND.DI I GRADO "MARCONI" VIA DI GIORGIO ANTONINO GEN. N.4|923
480|72|SCUOLA PRIM. E DELL'INFANZ."L.SCIASCIA" VIA SMITH ADAMO N.19|1144
481|119|SCUOLA PRIM.E DELL'INF."CASTELLANA" VIA CASTELLANA N.40|949
482|107|SCUOLA PRIMARIA "G. COSTA" VIA UGHETTI GIOVANBATTISTA N.27|884
483|60|SCUOLA PRIMARIA "MATTARELLA" VIALE DI VITTORIO GIUSEPPE N.7|822
484|0|OSPEDALE "G.F.INGRASSIA" CORSO CALATAFIMI N.1004|0
485|8|OSPEDALE "V.CERVELLO" VIA TRABUCCO N.180|0
486|11|POLICLINICO DIREZIONE SANITARIA VIA DEL VESPRO N.129|0
487|0|OSPEDALE CIVICO "BENFRATELLI" PIAZZA LEOTTA NICOLA N.1|0
488|0|OSPEDALE CIVICO "BENFRATELLI" PIAZZA LEOTTA NICOLA N.1|0
489|120|SCUOLA PRIMARIA "BIXIO" VIA CASSARO N.2|1085
490|112|SCUOLA PRIM."ILARIA ALPI"(A CROCEVERDE) CORSO DEI MILLE N.1672|841
491|157|SCUOLA PRIMARIA "PAULSEN" P.LE CARPINO FRANCESCO CARD. N.3|1059
492|2|OSPEDALE "VILLA SOFIA" PIAZZA SALERNO ALFREDO N.1|0
493|43|SCUOLA PRIMARIA "EX SCIASCIA" VIA MARCHESE NICOLO' PENSABENE N.34|1051
494|174|SCUOLA PRIMARIA "SAN DOMENICO SAVIO" VIALE DELLA RESURREZIONE N.1|1092
495|134|SCUOLA SECOND.I GRADO "A.GRAMSCI" VIA ARCOLEO GIUSEPPE N.78|774
496|58|SCUOLA PRIMARIA "AMARI" VIA INGRASSIA GIAN FILIPPO N.33|777
497|118|SCUOLA PRIMARIA "DI BARTOLO" LUNGOMARE COLOMBO CRISTOFORO N.240|890
498|141|SCUOLA PRIMARIA "RIZZO" VIA SERGIO PAPA I N.21/D|1001
499|150|SCUOLA SECOND.I GR.E PRIM."VERDI" VIA CASELLA ALFREDO N.35|932
500|103|SCUOLA PRIMARIA "DE AMICIS E" VIA SAURO NAZARIO N.11|860
501|185|SCUOLA SECOND. DI I GRADO "PIAZZI" VIA RUTELLI MARIO N.50|987
502|100|SCUOLA PRIM.E DELL'INFANZ."LAMBRUSCHINI" VIA DON GIOVANNI MINZONI N.1|808
503|152|SCUOLA PRIM.E DELL'INFANZ."LAMBRUSCHINI" VIA DON GIOVANNI MINZONI N.1|846
504|129|SCUOLA PRIMARIA "VITTORINO DA FELTRE" Corso Calatafimi n. 1035|1023
505|131|SCUOLA PRIMARIA "RAGUSA MOLETI" VIA RAGUSA MOLETI N.8|876
506|118|SCUOLA PRIMARIA "SUNSERI" VIA SUNSERI GIUSEPPE N.19|718
507|96|SCUOLA PRIM.E DELL'INFANZ."BONANNO" VIA PITRE' GIUSEPPE N.183|919
508|149|SCUOLA SECOND.I GRADO "V.E.ORLANDO" VIA LUSSEMBURGO N.103|705
509|133|SCUOLA PRIMARIA "F.SCO ORESTANO" VIA S.CIRO N.48|964
510|18|OSPEDALE "BUCCHERI LA FERLA" VIA MESSINA MARINE N.197|10
511|180|SCUOLA PRIMARIA "GIOVANNI XXIII" VIA SAMPOLO N.63|1020
512|168|SCUOLA SEC. 1Â° GRADO "SALEMI" VIA SALEMI FRANCESCO GEN. N.22|914
513|175|SCUOLA PRIMARIA "TRINACRIA" VIA TRINACRIA N.1|829
514|108|SCUOLA PRIM.E DELL'INFANZ."LAMBRUSCHINI" VIA DON GIOVANNI MINZONI N.1|743
515|97|SCUOLA PRIMARIA "BORGO ULIVIA" VIA ORTIGIA N.19|977
516|126|SCUOLA PRIMARIA "ANDREA SOLE" VIA MOLARA N.30|1298
517|147|SCUOLA PRIMARIA "MEDAGLIE D'ORO" VIA DEODATO PIER LUIGI N.7|791
518|161|SCUOLA SECOND.I GR."GARIBALDI" VIA DELLE CROCI N.5|945
519|75|SCUOLA PRIMARIA "DE AMICIS" VIA ROSSO DI S.SECONDO N.1|696
520|105|SCUOLA PRIMARIA "BORSELLINO" LARGO CAMASTRA N.4|940
521|98|SCUOLA PRIMARIA "BORSELLINO" LARGO CAMASTRA N.4|861
522|127|SCUOLA DELL'INFANZIA "JACK LONDON" VIA LONDON JACK N.1/A|988
523|80|SCUOLA SECOND.DI I GRADO "BORGESE" PIAZZA FERRINI CONTARDO N.13|737
524|101|SCUOLA PRIMARIA "F.CRISPI" INGR.PAD.2 VIA BARISANO DA TRANI N.7|973
525|200|SCUOLA DELL'INFANZIA "TOMASELLI" VIA ABRUZZI N.2|1087
526|194|SCUOLA DELL'INFANZIA "TOMASELLI" VIA ABRUZZI N.2|1011
527|53|SCUOLA SECOND.I GRADO "PIRANDELLO" VIA DELL'USIGNOLO N.5|824
528|109|SCUOLA PRIMARIA "F.SCO ORESTANO" VIA S.CIRO N.48|914
529|113|SCUOLA DELL'INFANZIA "DIAZ VECCHIO" VIA REGINA MARIA DI SICILIA N.7|1012
530|146|SCUOLA SECOND. DI I GRADO "PIAZZI" VIA RUTELLI MARIO N.50|874
531|107|SCUOLA PRIMARIA "NAZARIO SAURO" VIALE AMEDEO D'AOSTA N.20|962
532|176|SCUOLA PRIMARIA "GIOVANNI XXIII" VIA SAMPOLO N.63|897
533|171|SCUOLA PRIMARIA "GIOVANNI XXIII" VIA SAMPOLO N.63|847
534|54|SCUOLA PRIMARIA "EX SCIASCIA" VIA MARCHESE NICOLO' PENSABENE N.34|1063
535|180|SCUOLA SECOND. DI I GRADO "PIAZZI" VIA RUTELLI MARIO N.50|995
536|97|SCUOLA PRIMARIA "G. COSTA" VIA UGHETTI GIOVANBATTISTA N.27|807
537|114|SCUOLA PRIMARIA E DELL'INF."IEVOLELLA" VIA SERRADIFALCO N.3|822
538|125|SCUOLA PRIMARIA "SALGARI" VIA PARATORE GIUSEPPE N.34|967
539|108|SCUOLA PRIMARIA "AMARI" VIA INGRASSIA GIAN FILIPPO N.33|805
540|93|SCUOLA PRIMARIA "OBERDAN" VIA SPICA PIETRO N.5|786
541|121|SCUOLA PRIMARIA "BRAGAGLIA" VIA BRAGAGLIA MARINELLA N.23|911
542|173|SCUOLA PRIMARIA "GABELLI" VIA EUGENIO L'EMIRO N.30|1091
543|126|SCUOLA PRIMARIA "DONAUDY" PIAZZA DONAUDY STEFANO N.16|860
544|86|SCUOLA PRIM.E DELL'INFANZ."BONANNO" VIA PITRE' GIUSEPPE N.183|807
545|138|SCUOLA PRIMARIA "MANZONI" VIA PARLATORE FILIPPO N.56|895
546|134|SCUOLA SECOND.I GR. "LEONARDO DA VINCI" VIA DI GIORGI FERDINANDO N.48|881
547|89|SCUOLA SECOND.I GR."LEONARDO DA VINCI" VIA SERRADIFALCO N.190|769
548|144|SCUOLA PRIMARIA "IGNAZIO BUTTITTA" VIA CIMABUE GIOVANNI N.20|923
549|106|SCUOLA PRIMARIA "RAGUSA MOLETI" VIA RAGUSA MOLETI N.8|710
550|149|SCUOLA PRIMARIA "BASILE" LARGO CORLEONE N.11/T|1214
551|78|SCUOLA PRIMARIA "BORSELLINO" LARGO CAMASTRA N.4|875
552|108|SCUOLA SECOND.I GR."TOMASI DI LAMPEDUSA" VIALE LEONARDO DA VINCI N.504|874
553|125|SCUOLA SECONDARIA I GRADO "FEDERICO II" VIA PIER DELLE VIGNE N.13|971
554|150|SCUOLA PRIMARIA "GARZILLI" VIA ISONZO N.7|862
555|172|SCUOLA PRIMARIA "GARZILLI" VIA ISONZO N.7|928
556|81|SCUOLA PRIMARIA "MATTARELLA" VIALE DI VITTORIO GIUSEPPE N.7|825
557|145|SCUOLA PRIMARIA "TRINACRIA" VIA TRINACRIA N.1|897
558|152|SCUOLA PRIMARIA "GARZILLI" VIA ISONZO N.7|863
559|110|SCUOLA SEC. 1Â° GRADO "SALEMI" VIA SALEMI FRANCESCO GEN. N.22|1040
560|110|SCUOLA SEC.I GR."PR.SSA ELENA DI NAPOLI" VIA USTICA N.46|726
561|210|SCUOLA PRIMARIA E INFANZIA "M.GANDHI" VIA SARDEGNA N.55|1074
562|104|SCUOLA PRIMARIA "RIZZO" VIA SERGIO PAPA I N.21/D|846
563|139|SCUOLA PRIMARIA "SAN DOMENICO SAVIO" VIALE DELLA RESURREZIONE N.1|967
564|73|SCUOLA PRIM. E DELL'INFANZ."L.SCIASCIA" VIA SMITH ADAMO N.19|1034
565|78|SCUOLA PRIMARIA "TOMMASO NATALE" VIA LIMONE N.19|698
566|83|SCUOLA SEC.I GR."PR.SSA ELENA DI NAPOLI" VIA USTICA N.46|823
567|166|SCUOLA PRIMARIA "PAULSEN" P.LE CARPINO FRANCESCO CARD. N.3|1081
568|175|SCUOLA SECOND. DI I GRADO "MATTARELLA" VIA BONAGIA N.14|1130
569|43|SCUOLA PRIMARIA "MATTARELLA" VIALE DI VITTORIO GIUSEPPE N.7|751
570|100|SCUOLA PRIMARIA "MEDAGLIE D'ORO" VIA DEODATO PIER LUIGI N.7|794
571|131|SCUOLA DELL'INFANZIA"PASS.DEI PICCIOTTI" PASSAGGIO DEI PICCIOTTI N.3|1044
572|83|SCUOLA PRIMARIA "FILIPPO RACITI" VIA ALIA N.16|1064
573|184|SCUOLA PRIMARIA "BORSELLINO" VIA GIOTTO N.41|924
574|190|SCUOLA PRIMARIA "PALAGONIA" VIA PRINCIPE DI PALAGONIA N.46|981
575|176|SCUOLA PRIMARIA E INFANZIA "M.GANDHI" VIA SARDEGNA N.55|937
576|195|DIREZIONE DIDATTICA "DE GASPERI" PIAZZA GIOVANNI PAOLO II PAPA N.24|858
577|159|SCUOLA PRIMARIA "GARZILLI" VIA ISONZO N.7|840
578|155|SCUOLA SECOND.I GR. "LEONARDO DA VINCI" VIA DI GIORGI FERDINANDO N.48|1096
579|121|SCUOLA SECOND.I GR."LEONARDO DA VINCI" VIA SERRADIFALCO N.190|988
580|101|SCUOLA PRIM. E DELL'INFANZ."L.SCIASCIA" VIA SMITH ADAMO N.19|1138
581|108|SCUOLA DELL'INFANZIA"MADRE TERESA DI C." VIA MAQUEDA N.53|1032
582|68|SCUOLA PRIMARIA E DELL'INF. "NUCCIO" VIA MONGITORE ANTONINO N.4|832
583|103|SCUOLA PRIMARIA "AMARI" VIA INGRASSIA GIAN FILIPPO N.33|818
584|159|SCUOLA ELEMENTARE "CASTROGIOVANNI" VIA CRISTODULO AMMMIRAGLIO N.3|1158
585|116|SCUOLA PRIMARIA "NATOLI" CORSO DEI MILLE N.1486|985
586|82|SCUOLA PRIMARIA "F.SCO ORESTANO" VIA S.CIRO N.48|899
587|123|SCUOLA PRIMARIA "BIXIO" VIA CASSARO N.2|1101
588|82|SCUOLA PRIMARIA "PADRE PUGLISI" VIA GIANNOTTA NICOLO' N.4|692
589|112|SCUOLA PRIMARIA "OBERDAN" VIA SPICA PIETRO N.5|763
590|113|SCUOLA PRIMARIA "F.P. PEREZ" PIAZZA PEREZ FRANCESCO PAOLO N.1|909
591|82|SCUOLA PRIMARIA "EX SCIASCIA" VIA MARCHESE NICOLO' PENSABENE N.34|917
592|96|SCUOLA PRIMARIA "BORGO ULIVIA" VIA ORTIGIA N.19|1091
593|129|SCUOLA PRIMARIA "MEDAGLIE D'ORO" VIA DEODATO PIER LUIGI N.7|1009
594|78|SCUOLA PRIMARIA "G. COSTA" VIA UGHETTI GIOVANBATTISTA N.27|957
595|137|SCUOLA PRIMARIA "VITALI" VIA INSERRA N.1|1196
596|74|SCUOLA SECOND.I GR."LEONARDO DA VINCI" VIA SERRADIFALCO N.190|779
597|119|SCUOLA SEC.I GR."PR.SSA ELENA DI NAPOLI" VIA USTICA N.46|1015
598|109|SCUOLA PRIMARIA "RIZZO" VIA SERGIO PAPA I N.21/D|844
599|101|SCUOLA PRIMARIA "F.CRISPI" INGR.PAD.2 VIA BARISANO DA TRANI N.7|912
600|168|SCUOLA PRIMARIA "SAN DOMENICO SAVIO" VIALE DELLA RESURREZIONE N.1|1103
