sezione,votanti,ubicazione,numeroElettori,affluenzaPercentuale
1,0,"SCUOLA DELL'INFANZIA""MADRE TERESA DI C."" VIA MAQUEDA N.53",1100,0.0
2,0,"SCUOLA PRIMARIA ""MANZONI"" VIA PARLATORE FILIPPO N.56",697,0.0
3,0,"SCUOLA PRIM.E DELL'INF.""CASTELLANA"" VIA CASTELLANA N.40",926,0.0
4,0,"SCUOLA PRIMARIA ""VITALI"" VIA INSERRA N.1",1152,0.0
5,0,"SCUOLA DELL'INFANZIA""MADRE TERESA DI C."" VIA MAQUEDA N.53",785,0.0
6,0,"SCUOLA PRIMARIA ""BASILE"" LARGO CORLEONE N.11/T",1065,0.0
7,0,"SCUOLA PRIMARIA ""FILIPPO RACITI"" VIA ALIA N.16",905,0.0
8,0,"SCUOLA DELL'INFANZIA ""JACK LONDON"" VIA LONDON JACK N.1/A",959,0.0
9,0,"SCUOLA PRIMARIA ""MANTEGNA"" VIA BOLOGNI N.4",1077,0.0
10,0,"SCUOLA PRIMARIA ""EX SCIASCIA"" VIA MARCHESE NICOLO' PENSABENE N.34",946,0.0
11,0,"SCUOLA PRIMARIA ""ANDREA SOLE"" VIA MOLARA N.30",1215,0.0
12,0,"SCUOLA PRIMARIA ""TURRISI COLONNA"" PIAZZA GRAN CANCELLIERE N.1",1138,0.0
13,0,SCUOLA ELEMENTARE FERRARA PIAZZA MAGIONE N.1,1155,0.0
14,0,"SCUOLA PRIMARIA ""PAULSEN"" P.LE CARPINO FRANCESCO CARD. N.3",810,0.0
15,0,"SCUOLA PRIMARIA ""BORSELLINO"" LARGO CAMASTRA N.4",924,0.0
16,0,"SCUOLA SECOND.I GRADO ""PIRANDELLO"" VIA DELL'USIGNOLO N.5",951,0.0
17,0,"SCUOLA PRIMARIA ""MARABITTI"" VIA SPEDALIERI NICOLO' N.52",808,0.0
18,0,"SCUOLA PRIMARIA ""UMBERTO GIORDANO"" VIA DAIDONE N.24",872,0.0
19,0,"SCUOLA PRIMARIA ""OBERDAN"" VIA SPICA PIETRO N.5",1210,0.0
20,0,"SCUOLA PRIMARIA ""G.FAVA"" VIA MONTE S.CALOGERO N.20",839,0.0
21,0,"SCUOLA PRIMARIA E INFANZIA ""M.GANDHI"" VIA SARDEGNA N.55",1011,0.0
22,0,"SCUOLA SECOND.I GR.E PRIM.""VERDI"" VIA CASELLA ALFREDO N.35",926,0.0
23,0,"SCUOLA PRIMARIA ""ETTORE ARCULEO"" VIA SCHIFANI VITO N.3",965,0.0
24,0,"SCUOLA PRIM.E DELL'INF.""CASTELLANA"" VIA CASTELLANA N.40",859,0.0
25,0,"SCUOLA PRIMARIA ""PAULSEN"" P.LE CARPINO FRANCESCO CARD. N.3",1247,0.0
26,0,"SCUOLA SECOND.I GR. ""LEONARDO DA VINCI"" VIA DI GIORGI FERDINANDO N.48",777,0.0
27,0,"SCUOLA PRIMARIA ""IGNAZIO BUTTITTA"" VIA CIMABUE GIOVANNI N.20",932,0.0
28,0,"SCUOLA PRIMARIA ""BORSELLINO"" LARGO CAMASTRA N.4",885,0.0
29,0,SCUOLA ELEMENTARE FERRARA PIAZZA MAGIONE N.1,1164,0.0
30,0,"SCUOLA SECOND.I GR.""LEONARDO DA VINCI"" VIA SERRADIFALCO N.190",980,0.0
31,0,"SCUOLA PRIMARIA ""FILIPPO RACITI"" VIA ALIA N.16",979,0.0
32,0,"SCUOLA PRIMARIA ""D'ANGELO PAOLO EMILIO"" VIA S.LORENZO N.295",1039,0.0
33,0,"SCUOLA PRIMARIA ""GIOVANNI XXIII"" VIA SAMPOLO N.63",975,0.0
34,0,"SCUOLA SECOND. DI I GRADO ""VERDI"" VIA FERMI ENRICO N.2",961,0.0
35,0,SCUOLA PRIMARIA SANTOCANALE Via Polibio 1/b,1179,0.0
36,0,"SCUOLA PRIMARIA ""VALVERDE"" VIA VALVERDE N.2",1078,0.0
37,0,"SCUOLA PRIMARIA ""VALVERDE"" VIA VALVERDE N.2",986,0.0
38,0,"SCUOLA PRIMARIA ""DE STEFANO"" VIA DE STEFANO ANTONINO N.1/C",779,0.0
39,0,"SCUOLA PRIMARIA ""GABELLI"" VIA EUGENIO L'EMIRO N.30",964,0.0
40,0,"SCUOLA PRIM.E DELL'INFANZ.""BONANNO"" VIA PITRE' GIUSEPPE N.183",1104,0.0
41,0,"SCUOLA PRIMARIA ""VALVERDE"" VIA VALVERDE N.2",839,0.0
42,0,"SCUOLA PRIMARIA ""SUNSERI"" VIA SUNSERI GIUSEPPE N.19",780,0.0
43,0,"SCUOLA PRIMARIA ""VALVERDE"" VIA VALVERDE N.2",846,0.0
44,0,"SCUOLA PRIMARIA ""UMBERTO GIORDANO"" VIA DAIDONE N.24",870,0.0
45,0,"SCUOLA PRIMARIA ""MONTEGRAPPA"" VIA ROCCELLA GUSTAVO N.37",780,0.0
46,0,"SCUOLA PRIMARIA ""D'ANGELO PAOLO EMILIO"" VIA S.LORENZO N.295",964,0.0
47,0,"SCUOLA DELL'INFANZIA""PASS.DEI PICCIOTTI"" PASSAGGIO DEI PICCIOTTI N.3",912,0.0
48,0,"SCUOLA DELL'INFANZIA ""PALADINI"" PIAZZA CELLINI BENVENUTO N.4",1025,0.0
49,0,"SCUOLA DELL'INFANZIA ""DIAZ VECCHIO"" VIA REGINA MARIA DI SICILIA N.7",834,0.0
50,0,"SCUOLA PRIMARIA ""DE AMICIS E"" VIA SAURO NAZARIO N.11",965,0.0
51,0,"SCUOLA PRIMARIA E DELL'INF. ""SALERNO"" VIA SALERNO N.19",984,0.0
52,0,"SCUOLA SECOND.I GR. ""LEONARDO DA VINCI"" VIA DI GIORGI FERDINANDO N.48",808,0.0
53,0,"SCUOLA PRIMARIA ""GIOBERTI"" VIA LAZZARO CARMELO N.1",886,0.0
54,0,"SCUOLA PRIMARIA ""CAVALLARI"" CORSO DEI MILLE N.793",889,0.0
55,0,"SCUOLA PRIMARIA ""F.CRISPI"" INGR.PAD.2 VIA BARISANO DA TRANI N.7",825,0.0
56,0,"SCUOLA PRIMARIA ""SALGARI"" VIA PARATORE GIUSEPPE N.34",891,0.0
57,0,"SCUOLA PRIMARIA ""TURRISI COLONNA"" PIAZZA GRAN CANCELLIERE N.1",1215,0.0
58,0,"SCUOLA PRIMARIA ""COLOZZA"" VIA IMERA N.32",1035,0.0
59,0,"SCUOLA PRIMARIA ""CAVALLARI"" CORSO DEI MILLE N.793",1010,0.0
60,0,"SCUOLA SECOND.I GRADO ""GENTILI"" VIA LO JACONO FRANCESCO N.1",871,0.0
61,0,"SCUOLA PRIMARIA ""IGNAZIO BUTTITTA"" VIA CIMABUE GIOVANNI N.20",1080,0.0
62,0,"SCUOLA PRIMARIA ""TRINACRIA"" VIA TRINACRIA N.1",923,0.0
63,0,"SCUOLA PRIMARIA ""TURRISI COLONNA"" PIAZZA GRAN CANCELLIERE N.1",1909,0.0
64,0,"SCUOLA PRIMARIA ""DE STEFANO"" VIA DE STEFANO ANTONINO N.1/C",869,0.0
65,0,"SCUOLA SECOND.I GR. ""LEONARDO DA VINCI"" VIA DI GIORGI FERDINANDO N.48",923,0.0
66,0,"SCUOLA PRIMARIA ""PASCOLI"" VIA NETTUNO N.7",1181,0.0
67,0,ISTITUTO MAGISTRALE REGINA MARGHERITA PIAZZA CASA PROFESSA N.3/B,789,0.0
68,0,"SCUOLA DELL'INFANZIA ""TOMASELLI"" VIA ABRUZZI N.2",1055,0.0
69,0,"SCUOLA PRIMARIA ""CAVALLARI"" CORSO DEI MILLE N.793",1040,0.0
70,0,"SCUOLA PRIMARIA ""MONTEGRAPPA"" VIA ROCCELLA GUSTAVO N.37",793,0.0
71,0,"SCUOLA PRIMARIA ""F.CRISPI"" INGR.PAD.1 VIA BARISANO DA TRANI N.7",1014,0.0
72,0,"SCUOLA PRIMARIA ""TURRISI COLONNA"" PIAZZA GRAN CANCELLIERE N.1",1185,0.0
73,0,"SCUOLA PRIMARIA ""FILIPPO RACITI"" VIA ALIA N.16",850,0.0
74,0,"SCUOLA PRIMARIA ""MANTEGNA"" VIA BOLOGNI N.4",1044,0.0
75,0,"SCUOLA PRIMARIA ""F.CRISPI"" INGR.PAD.1 VIA BARISANO DA TRANI N.7",885,0.0
76,0,"SCUOLA PRIMARIA ""TURRISI COLONNA"" PIAZZA GRAN CANCELLIERE N.1",1123,0.0
77,0,"SCUOLA PRIMARIA ""BERNINI"" VIA PAPALEO PIETRO N.8",654,0.0
78,0,"SCUOLA PRIMARIA ""F.CRISPI"" INGR.PAD.2 VIA BARISANO DA TRANI N.7",914,0.0
79,0,"SCUOLA DELL'INFANZIA ""JACK LONDON"" VIA LONDON JACK N.1/A",1067,0.0
80,0,"SCUOLA SECOND. DI I GRADO ""MATTARELLA"" VIA BONAGIA N.14",1060,0.0
81,0,"SCUOLA PRIMARIA ""SAN LORENZO"" VIA S.LORENZO N.89",925,0.0
82,0,"SCUOLA ELEMENTARE ""MANCINO"" VIA BELMONTE CHIAVELLI N.111/D",1195,0.0
83,0,"SCUOLA PRIMARIA ""VITALI"" VIA INSERRA N.1",1235,0.0
84,0,"SCUOLA DELL'INFANZIA ""JACK LONDON"" VIA LONDON JACK N.1/A",957,0.0
85,0,ISTITUTO MAGISTRALE REGINA MARGHERITA PIAZZA CASA PROFESSA N.3/B,918,0.0
86,0,"SCUOLA PRIMARIA ""PAULSEN"" P.LE CARPINO FRANCESCO CARD. N.3",1093,0.0
87,0,"DIREZIONE DIDATTICA ""DE GASPERI"" PIAZZA GIOVANNI PAOLO II PAPA N.24",865,0.0
88,0,"SCUOLA PRIMARIA ""BRAGAGLIA"" VIA BRAGAGLIA MARINELLA N.23",897,0.0
89,0,"SCUOLA PRIMARIA E DELL'INF. ""NUCCIO"" VIA MONGITORE ANTONINO N.4",809,0.0
90,0,"SCUOLA PRIMARIA ""SALGARI"" VIA PARATORE GIUSEPPE N.34",917,0.0
91,0,"SCUOLA PRIMARIA ""PASCOLI"" VIA NETTUNO N.7",1142,0.0
92,0,"SCUOLA PRIMARIA ""PALAGONIA"" VIA PRINCIPE DI PALAGONIA N.46",853,0.0
93,0,"SCUOLA SECOND.I GRADO ""A.GRAMSCI"" VIA ARCOLEO GIUSEPPE N.78",696,0.0
94,0,"SCUOLA PRIMARIA ""TRINACRIA"" VIA TRINACRIA N.1",905,0.0
95,0,"SCUOLA PRIMARIA E DELL'INF. ""NUCCIO"" VIA MONGITORE ANTONINO N.4",794,0.0
96,0,"SCUOLA PRIMARIA ""G.FAVA"" VIA MONTE S.CALOGERO N.20",804,0.0
97,0,"SCUOLA PRIMARIA ""UMBERTO GIORDANO"" VIA DAIDONE N.24",985,0.0
98,0,"SCUOLA PRIMARIA E DELL'INF. ""NUCCIO"" VIA MONGITORE ANTONINO N.4",774,0.0
99,0,"SCUOLA PRIMARIA ""SALGARI"" VIA PARATORE GIUSEPPE N.34",995,0.0
100,0,"SCUOLA PRIMARIA ""D'ANGELO PAOLO EMILIO"" VIA S.LORENZO N.295",972,0.0
101,0,"SCUOLA SECOND. DI I GRADO ""MATTARELLA"" VIA BONAGIA N.14",1073,0.0
102,0,"SCUOLA SECOND.I GRADO ""DANTE ALIGHIERI"" VIA MARTURANO RUGGERO N.79",864,0.0
103,0,"SCUOLA PRIMARIA ""VITALI"" VIA INSERRA N.1",1132,0.0
104,0,"SCUOLA SECOND. DI I GRADO ""MATTARELLA"" VIA BONAGIA N.14",949,0.0
105,0,"SCUOLA PRIMARIA E DELL'INF. ""SALERNO"" VIA SALERNO N.19",832,0.0
106,0,"SCUOLA PRIMARIA ""SAN LORENZO"" VIA S.LORENZO N.89",937,0.0
107,0,"SCUOLA PRIMARIA ""F.CRISPI"" INGR.PAD.2 VIA BARISANO DA TRANI N.7",889,0.0
108,0,"SCUOLA PRIMARIA E DELL'INF. ""SALERNO"" VIA SALERNO N.19",1067,0.0
109,0,"SCUOLA PRIMARIA ""COLLODI"" VIA BRIUCCIA N.89",725,0.0
110,0,"SCUOLA SECOND. DI I GRADO ""MATTARELLA"" VIA BONAGIA N.14",902,0.0
111,0,"SCUOLA PRIM. E DELL'INFANZ.""L.SCIASCIA"" VIA SMITH ADAMO N.19",829,0.0
112,0,"SCUOLA PRIM. E DELL'INFANZ.""L.SCIASCIA"" VIA SMITH ADAMO N.19",983,0.0
113,0,"SCUOLA ELEMENTARE ""CASTROGIOVANNI"" VIA CRISTODULO AMMMIRAGLIO N.3",1017,0.0
114,0,ISTITUTO MAGISTRALE REGINA MARGHERITA PIAZZA CASA PROFESSA N.3/B,853,0.0
115,0,"SCUOLA PRIMARIA ""EX SCIASCIA"" VIA MARCHESE NICOLO' PENSABENE N.34",760,0.0
116,0,"SCUOLA PRIMARIA ""LA MASA"" VIA LA MASA GIUSEPPE N.17",919,0.0
117,0,"SCUOLA PRIMARIA ""LA MASA"" VIA LA MASA GIUSEPPE N.17",934,0.0
118,0,"SCUOLA PRIMARIA ""LA MASA"" VIA LA MASA GIUSEPPE N.17",934,0.0
119,0,"SCUOLA PRIMARIA ""LA MASA"" VIA LA MASA GIUSEPPE N.17",864,0.0
120,0,"SCUOLA PRIMARIA ""MARVUGLIA"" VIA RALLO ALBERTO N.9",893,0.0
121,0,"SCUOLA PRIMARIA ""MONTEGRAPPA"" VIA ROCCELLA GUSTAVO N.37",877,0.0
122,0,"SCUOLA PRIMARIA ""LA MASA"" VIA LA MASA GIUSEPPE N.17",952,0.0
123,0,"SCUOLA PRIMARIA ""MONTEGRAPPA"" VIA ROCCELLA GUSTAVO N.37",868,0.0
124,0,"SCUOLA PRIMARIA ""ETTORE ARCULEO"" VIA SCHIFANI VITO N.3",824,0.0
125,0,"SCUOLA SECOND. DI I GRADO ""MATTARELLA"" VIA BONAGIA N.14",921,0.0
126,0,"SCUOLA SECONDARIA I GRADO ""FEDERICO II"" VIA PIER DELLE VIGNE N.13",1033,0.0
127,0,"SCUOLA ELEMENTARE ""CASTROGIOVANNI"" VIA CRISTODULO AMMMIRAGLIO N.3",1195,0.0
128,0,"SCUOLA SECOND.I GRADO ""ARCHIMEDE"" PIAZZA CASTELNUOVO N.40",966,0.0
129,0,"SCUOLA SEC.I GR.""PR.SSA ELENA DI NAPOLI"" VIA USTICA N.46",1069,0.0
130,0,"SCUOLA PRIMARIA ""NATOLI"" CORSO DEI MILLE N.1486",883,0.0
131,0,"SCUOLA PRIMARIA ""MARABITTI"" VIA SPEDALIERI NICOLO' N.52",824,0.0
132,0,"SCUOLA SECONDARIA I GRADO ""FEDERICO II"" VIA PIER DELLE VIGNE N.13",1167,0.0
133,0,"SCUOLA PRIM.E DELL'INF.""BAVIERA"" VIA BAVIERA GIOVANNI N.22",723,0.0
134,0,"SCUOLA PRIMARIA ""GABELLI"" VIA EUGENIO L'EMIRO N.30",1029,0.0
135,0,"SCUOLA SECONDARIA I GRADO ""FEDERICO II"" VIA PIER DELLE VIGNE N.13",1073,0.0
136,0,"SCUOLA PRIMARIA ""EX SCIASCIA"" VIA MARCHESE NICOLO' PENSABENE N.34",984,0.0
137,0,"SCUOLA SECOND.I GRADO ""V.E.ORLANDO"" VIA LUSSEMBURGO N.103",735,0.0
138,0,"SCUOLA PRIMARIA ""NATOLI"" CORSO DEI MILLE N.1486",1140,0.0
139,0,"SCUOLA SECONDARIA I GRADO ""FEDERICO II"" VIA PIER DELLE VIGNE N.13",1007,0.0
140,0,"SCUOLA SECONDARIA I GRADO ""FEDERICO II"" VIA PIER DELLE VIGNE N.13",1061,0.0
141,0,"SCUOLA SECOND.I GRADO ""V.E.ORLANDO"" VIA LUSSEMBURGO N.103",698,0.0
142,0,"SCUOLA SECOND.I GR.""GARIBALDI"" VIA DELLE CROCI N.5",1080,0.0
143,0,"SCUOLA SECOND.I GRADO ""V.E.ORLANDO"" VIA LUSSEMBURGO N.103",711,0.0
144,0,"SCUOLA PRIMARIA ""COLLODI"" VIA BRIUCCIA N.89",967,0.0
145,0,"DIREZIONE DIDATTICA ""DE GASPERI"" PIAZZA GIOVANNI PAOLO II PAPA N.24",727,0.0
146,0,"SCUOLA PRIMARIA ""ETTORE ARCULEO"" VIA SCHIFANI VITO N.3",1708,0.0
147,0,"DIREZIONE DIDATTICA ""DE GASPERI"" PIAZZA GIOVANNI PAOLO II PAPA N.24",911,0.0
148,0,"SCUOLA SECOND. DI I GRADO ""PIAZZI"" VIA RUTELLI MARIO N.50",982,0.0
149,0,"SCUOLA PRIMARIA ""G.FAVA"" VIA MONTE S.CALOGERO N.20",825,0.0
150,0,"SCUOLA SECOND.I GR.""LEONARDO DA VINCI"" VIA SERRADIFALCO N.190",890,0.0
151,0,"SCUOLA PRIMARIA ""ETTORE ARCULEO"" VIA SCHIFANI VITO N.3",675,0.0
152,0,"SCUOLA PRIMARIA ""MARABITTI"" VIA SPEDALIERI NICOLO' N.52",873,0.0
153,0,"SCUOLA PRIMARIA ""GIOVANNI XXIII"" VIA SAMPOLO N.63",1017,0.0
154,0,"SCUOLA PRIMARIA ""MARABITTI"" VIA SPEDALIERI NICOLO' N.52",968,0.0
155,0,"SCUOLA PRIMARIA ""F.CRISPI"" INGR.PAD.1 VIA BARISANO DA TRANI N.7",873,0.0
156,0,"SCUOLA PRIMARIA ""MARVUGLIA"" VIA RALLO ALBERTO N.9",955,0.0
157,0,"SCUOLA SECOND. DI I GRADO ""VERDI"" VIA FERMI ENRICO N.2",734,0.0
158,0,"SCUOLA PRIMARIA ""MARABITTI"" VIA SPEDALIERI NICOLO' N.52",876,0.0
159,0,"SCUOLA PRIMARIA ""MARVUGLIA"" VIA RALLO ALBERTO N.9",922,0.0
160,0,"SCUOLA PRIMARIA ""MARVUGLIA"" VIA RALLO ALBERTO N.9",867,0.0
161,0,"SCUOLA SECOND.I GRADO ""DANTE ALIGHIERI"" VIA MARTURANO RUGGERO N.79",829,0.0
162,0,"SCUOLA SECOND.I GRADO ""DANTE ALIGHIERI"" VIA MARTURANO RUGGERO N.79",817,0.0
163,0,"SCUOLA PRIMARIA ""IGNAZIO BUTTITTA"" VIA CIMABUE GIOVANNI N.20",1118,0.0
164,0,"SCUOLA PRIMARIA ""MARVUGLIA"" VIA RALLO ALBERTO N.9",934,0.0
165,0,"SCUOLA SECOND.I GR. ""LEONARDO DA VINCI"" VIA DI GIORGI FERDINANDO N.48",781,0.0
166,0,"SCUOLA PRIMARIA ""MARVUGLIA"" VIA RALLO ALBERTO N.9",932,0.0
167,0,"SCUOLA PRIM.E DELL'INF.""CASTELLANA"" VIA CASTELLANA N.40",955,0.0
168,0,"SCUOLA PRIMARIA ""UMBERTO GIORDANO"" VIA DAIDONE N.24",857,0.0
169,0,"SCUOLA SECOND.I GRADO ""DANTE ALIGHIERI"" VIA MARTURANO RUGGERO N.79",877,0.0
170,0,"SCUOLA SECOND. DI I GRADO ""PIAZZI"" VIA RUTELLI MARIO N.50",1103,0.0
171,0,"SCUOLA SECOND.I GRADO ""GENTILI"" VIA LO JACONO FRANCESCO N.1",1021,0.0
172,0,"SCUOLA SECOND. DI I GRADO ""PIAZZI"" VIA RUTELLI MARIO N.50",1015,0.0
173,0,"SCUOLA SECOND.I GRADO ""GENTILI"" VIA LO JACONO FRANCESCO N.1",907,0.0
174,0,"SCUOLA PRIMARIA ""BORSELLINO"" VIA GIOTTO N.41",891,0.0
175,0,"SCUOLA PRIMARIA ""G. COSTA"" VIA UGHETTI GIOVANBATTISTA N.27",963,0.0
176,0,"SCUOLA PRIMARIA ""ALMEJDA - PITRE'"" VIA DAMIANI ALMEJDA N.27",893,0.0
177,0,"SCUOLA PRIMARIA ""RAPISARDI"" VIA CALTANISSETTA N.27",865,0.0
178,0,"SCUOLA PRIMARIA ""ALMEJDA - PITRE'"" VIA DAMIANI ALMEJDA N.27",1064,0.0
179,0,"SC.SECOND.I GRADO ""DEL FERVORE"" VIA DEL FERVORE N.5",833,0.0
180,0,"SCUOLA PRIMARIA ""RAPISARDI"" VIA CALTANISSETTA N.27",756,0.0
181,0,"SCUOLA PRIMARIA ""RAGUSA MOLETI"" VIA RAGUSA MOLETI N.8",748,0.0
182,0,"SCUOLA PRIMARIA ""RAPISARDI"" VIA CALTANISSETTA N.27",792,0.0
183,0,"SCUOLA PRIMARIA ""RAPISARDI"" VIA CALTANISSETTA N.27",729,0.0
184,0,"SCUOLA PRIMARIA ""RAPISARDI"" VIA CALTANISSETTA N.27",770,0.0
185,0,"SCUOLA PRIMARIA ""RAPISARDI"" VIA CALTANISSETTA N.27",870,0.0
186,0,"SCUOLA PRIMARIA ""OBERDAN"" VIA SPICA PIETRO N.5",788,0.0
187,0,"SC.SECOND.I GRADO ""DEL FERVORE"" VIA DEL FERVORE N.5",820,0.0
188,0,"SCUOLA PRIMARIA ""BORGO ULIVIA"" VIA ORTIGIA N.19",1020,0.0
189,0,"SCUOLA PRIMARIA ""BORGO ULIVIA"" VIA ORTIGIA N.19",1054,0.0
190,0,"SCUOLA PRIMARIA ""NUOVO PAGLIARELLI"" VIA VILLANI GIOVANNI N.40",1025,0.0
191,0,"SCUOLA SECOND.I GRADO ""GENTILI"" VIA LO JACONO FRANCESCO N.1",943,0.0
192,0,"SCUOLA SECOND.I GRADO ""ARCHIMEDE"" PIAZZA CASTELNUOVO N.40",1013,0.0
193,0,"SCUOLA PRIMARIA ""NICOLO' TURRISI"" PZZA ORLANDO VITTORIO EMANUELE N.3",933,0.0
194,0,"SCUOLA PRIMARIA ""NICOLO' TURRISI"" PZZA ORLANDO VITTORIO EMANUELE N.3",938,0.0
195,0,SCUOLA DELL'INFANZIA ZS 10 VIA PALAZZOTTO F.P. E G.B. N. 5,894,0.0
196,0,"SCUOLA PRIMARIA E DELL'INF. ""SALERNO"" VIA SALERNO N.19",1069,0.0
197,0,"SC.SECOND.I GRADO ""DEL FERVORE"" VIA DEL FERVORE N.5",831,0.0
198,0,"SC.SECOND.I GRADO ""DEL FERVORE"" VIA DEL FERVORE N.5",841,0.0
199,0,"SCUOLA PRIMARIA ""F.CRISPI"" INGR.PAD.1 VIA BARISANO DA TRANI N.7",920,0.0
200,0,"SCUOLA PRIMARIA ""VERGA"" VIA UDITORE N.21",999,0.0
201,0,"SCUOLA PRIMARIA ""NICOLO' TURRISI"" PZZA ORLANDO VITTORIO EMANUELE N.3",857,0.0
202,0,"SCUOLA PRIMARIA ""COLOZZA"" VIA IMERA N.32",967,0.0
203,0,"SCUOLA PRIMARIA ""FILIPPO RACITI"" VIA ALIA N.16",933,0.0
204,0,"SCUOLA PRIM.E DELL'INF.""CASTELLANA"" VIA CASTELLANA N.40",943,0.0
205,0,"SCUOLA PRIMARIA ""COLOZZA"" VIA IMERA N.32",949,0.0
206,0,"SCUOLA PRIMARIA ""COLOZZA"" VIA IMERA N.32",1025,0.0
207,0,"DIREZIONE DIDATTICA ""CAPUANA"" VIA NARBONE ALESSIO N.55",847,0.0
208,0,"SCUOLA PRIMARIA ""PALAGONIA"" VIA PRINCIPE DI PALAGONIA N.46",913,0.0
209,0,"SCUOLA PRIMARIA E INFANZIA ""M.GANDHI"" VIA SARDEGNA N.55",758,0.0
210,0,"SCUOLA PRIMARIA ""SAN LORENZO"" VIA S.LORENZO N.89",958,0.0
211,0,"SCUOLA PRIMARIA ""COLOZZA"" VIA IMERA N.32",946,0.0
212,0,"SCUOLA DELL'INFANZIA ""TOMASELLI"" VIA ABRUZZI N.2",1016,0.0
213,0,"SCUOLA PRIMARIA ""COLLODI"" VIA BRIUCCIA N.89",859,0.0
214,0,"SCUOLA MATERNA COM.LE ""WHITAKER"" VIA GUERRAZZI F.SCO DOMENICO N.1",967,0.0
215,0,"SCUOLA SEC. 1Â° GRADO ""SALEMI"" VIA SALEMI FRANCESCO GEN. N.22",1037,0.0
216,0,"SCUOLA PRIMARIA ""G.FAVA"" VIA MONTE S.CALOGERO N.20",994,0.0
217,0,"DIREZIONE DIDATTICA ""CAPUANA"" VIA NARBONE ALESSIO N.55",1023,0.0
218,0,"SCUOLA PRIMARIA ""MARVUGLIA"" VIA RALLO ALBERTO N.9",1277,0.0
219,0,"DIREZIONE DIDATTICA ""CAPUANA"" VIA NARBONE ALESSIO N.55",1041,0.0
220,0,"DIREZIONE DIDATTICA ""CAPUANA"" VIA NARBONE ALESSIO N.55",921,0.0
221,0,"DIREZIONE DIDATTICA ""CAPUANA"" VIA NARBONE ALESSIO N.55",853,0.0
222,0,"SCUOLA PRIMARIA ""MARVUGLIA"" VIA RALLO ALBERTO N.9",988,0.0
223,0,"SCUOLA PRIMARIA ""ETTORE ARCULEO"" VIA SCHIFANI VITO N.3",631,0.0
224,0,"DIREZIONE DIDATTICA ""CAPUANA"" VIA NARBONE ALESSIO N.55",876,0.0
225,0,"SCUOLA PRIMARIA ""ROSOLINO PILO"" VIA LA FRANCA SEBASTIANO N.70",925,0.0
226,0,"DIREZIONE DIDATTICA ""CAPUANA"" VIA NARBONE ALESSIO N.55",881,0.0
227,0,"SCUOLA PRIMARIA ""MEDAGLIE D'ORO"" VIA DEODATO PIER LUIGI N.7",891,0.0
228,0,"SCUOLA PRIMARIA ""MEDAGLIE D'ORO"" VIA DEODATO PIER LUIGI N.7",1024,0.0
229,0,"SCUOLA PRIMARIA ""F.SCO ORESTANO"" VIA S.CIRO N.48",984,0.0
230,0,"SCUOLA PRIMARIA ""TOMASINO BARTOLOMEO"" VIA S.MARIA DI GESU' N.89",935,0.0
231,0,"SCUOLA PRIMARIA ""VILLAGRAZIA"" VIA VILLAGRAZIA N.298",1186,0.0
232,0,"SCUOLA PRIMARIA E DELL'INF.""IEVOLELLA"" VIA SERRADIFALCO N.3",879,0.0
233,0,"SCUOLA PRIMARIA E DELL'INF.""IEVOLELLA"" VIA SERRADIFALCO N.3",885,0.0
234,0,"SCUOLA PRIM.E DELL'INFANZ.""BONANNO"" VIA PITRE' GIUSEPPE N.183",955,0.0
235,0,"SCUOLA PRIMARIA ""SCIPIONE DI CASTRO"" VIA DI CASTRO SCIPIONE N.22",704,0.0
236,0,"SCUOLA SECOND.I GR.""LEONARDO DA VINCI"" VIA SERRADIFALCO N.190",934,0.0
237,0,"SCUOLA PRIMARIA ""GABELLI"" VIA EUGENIO L'EMIRO N.30",1106,0.0
238,0,"SCUOLA PRIMARIA ""BORSELLINO"" VIA GIOTTO N.41",838,0.0
239,0,"SCUOLA MATERNA COM.LE ""WHITAKER"" VIA GUERRAZZI F.SCO DOMENICO N.1",1010,0.0
240,0,"SCUOLA PRIMARIA ""BORSELLINO"" VIA GIOTTO N.41",919,0.0
241,0,"SCUOLA PRIMARIA ""SCIPIONE DI CASTRO"" VIA DI CASTRO SCIPIONE N.22",872,0.0
242,0,"SCUOLA PRIMARIA ""SCIPIONE DI CASTRO"" VIA DI CASTRO SCIPIONE N.22",857,0.0
243,0,"SCUOLA PRIMARIA ""IGNAZIO BUTTITTA"" VIA CIMABUE GIOVANNI N.20",915,0.0
244,0,"SCUOLA PRIMARIA ""GABELLI"" VIA EUGENIO L'EMIRO N.30",1104,0.0
245,0,"SCUOLA PRIMARIA ""SCIPIONE DI CASTRO"" VIA DI CASTRO SCIPIONE N.22",828,0.0
246,0,"SCUOLA PRIMARIA ""SCIPIONE DI CASTRO"" VIA DI CASTRO SCIPIONE N.22",863,0.0
247,0,"SCUOLA PRIMARIA ""LOMBARDO RADICE"" CORSO CALATAFIMI N.241",884,0.0
248,0,"SCUOLA PRIMARIA ""LOMBARDO RADICE"" CORSO CALATAFIMI N.241",1035,0.0
249,0,"SCUOLA PRIMARIA ""LOMBARDO RADICE"" CORSO CALATAFIMI N.241",756,0.0
250,0,"SCUOLA PRIMARIA ""SALGARI"" VIA PARATORE GIUSEPPE N.34",982,0.0
251,0,"SCUOLA PRIMARIA ""LOMBARDO RADICE"" CORSO CALATAFIMI N.241",875,0.0
252,0,"SCUOLA PRIMARIA ""BERNINI"" VIA PAPALEO PIETRO N.8",998,0.0
253,0,"SCUOLA PRIM.E DELL'INF.""BAVIERA"" VIA BAVIERA GIOVANNI N.22",735,0.0
254,0,"SCUOLA PRIMARIA ""LOMBARDO RADICE"" CORSO CALATAFIMI N.241",825,0.0
255,0,"SCUOLA PRIMARIA ""F.CRISPI"" INGR.PAD.1 VIA BARISANO DA TRANI N.7",861,0.0
256,0,"SCUOLA PRIMARIA ""LOMBARDO RADICE"" CORSO CALATAFIMI N.241",806,0.0
257,0,"SCUOLA PRIMARIA ""FILIPPO RACITI"" VIA ALIA N.16",913,0.0
258,0,"SCUOLA PRIMARIA ""BASILE"" LARGO CORLEONE N.11/T",1082,0.0
259,0,"SCUOLA PRIMARIA ""DEL VESPRO"" VIA OS.1 N.2",763,0.0
260,0,"SCUOLA PRIMARIA ""BORSELLINO"" VIA GIOTTO N.41",1113,0.0
261,0,"SCUOLA PRIMARIA ""AMARI"" VIA INGRASSIA GIAN FILIPPO N.33",798,0.0
262,0,"SCUOLA PRIMARIA ""RIZZO"" VIA SERGIO PAPA I N.21/D",942,0.0
263,0,"SCUOLA PRIMARIA ""AMARI"" VIA INGRASSIA GIAN FILIPPO N.33",714,0.0
264,0,"SCUOLA PRIMARIA ""TEN. ONORATO"" VIA TACITO N.34",1172,0.0
265,0,"SCUOLA PRIMARIA ""DEL VESPRO"" VIA OS.1 N.2",724,0.0
266,0,"SCUOLA PRIMARIA ""D'ANGELO PAOLO EMILIO"" VIA S.LORENZO N.295",1023,0.0
267,0,"SCUOLA PRIMARIA ""AMARI"" VIA INGRASSIA GIAN FILIPPO N.33",851,0.0
268,0,"SCUOLA PRIMARIA ""SAN DOMENICO SAVIO"" VIALE DELLA RESURREZIONE N.1",1201,0.0
269,0,"SCUOLA PRIMARIA ""ROSOLINO PILO"" VIA LA FRANCA SEBASTIANO N.70",835,0.0
270,0,"SCUOLA SECOND.DI I GRADO ""MAZZINI"" VIA DE MARIA FEDERICO N.36",841,0.0
271,0,"SCUOLA PRIMARIA ""BASILE"" LARGO CORLEONE N.11/T",1097,0.0
272,0,"SCUOLA SECOND.DI I GRADO ""MAZZINI"" VIA DE MARIA FEDERICO N.36",987,0.0
273,0,"SCUOLA PRIMARIA ""LOMBARDO RADICE"" CORSO CALATAFIMI N.241",834,0.0
274,0,"SCUOLA PRIMARIA ""MONTEGRAPPA"" VIA ROCCELLA GUSTAVO N.37",769,0.0
275,0,"ISTITUTO COMPRENSIVO ""FALCONE"" VIA BASILE ERNESTO N.170",811,0.0
276,0,"SCUOLA PRIMARIA ""MEDAGLIE D'ORO"" VIA DEODATO PIER LUIGI N.7",807,0.0
277,0,"ISTITUTO COMPRENSIVO ""FALCONE"" VIA BASILE ERNESTO N.170",876,0.0
278,0,"ISTITUTO COMPRENSIVO ""FALCONE"" VIA BASILE ERNESTO N.170",810,0.0
279,0,"SCUOLA PRIMARIA ""LOMBARDO RADICE"" CORSO CALATAFIMI N.241",742,0.0
280,0,"SCUOLA PRIMARIA ""BORGO ULIVIA"" VIA ORTIGIA N.19",1116,0.0
281,0,"SCUOLA PRIMARIA ""GIOBERTI"" VIA LAZZARO CARMELO N.1",791,0.0
282,0,"SCUOLA PRIMARIA ""NATOLI"" CORSO DEI MILLE N.1486",917,0.0
283,0,"SCUOLA PRIMARIA ""COLLODI"" VIA BRIUCCIA N.89",941,0.0
284,0,"SCUOLA PRIMARIA ""GIOBERTI"" VIA LAZZARO CARMELO N.1",873,0.0
285,0,"SCUOLA PRIMARIA ""TOMMASO NATALE"" VIA LIMONE N.19",847,0.0
286,0,"SCUOLA PRIMARIA ""DEL VESPRO"" VIA OS.1 N.2",720,0.0
287,0,"SCUOLA PRIMARIA ""CAVALLARI"" CORSO DEI MILLE N.793",966,0.0
288,0,"SCUOLA PRIMARIA ""MATTARELLA"" VIALE DI VITTORIO GIUSEPPE N.7",766,0.0
289,0,"SCUOLA PRIMARIA ""GIOBERTI"" VIA LAZZARO CARMELO N.1",872,0.0
290,0,"SCUOLA PRIMARIA ""ROSOLINO PILO"" VIA LA FRANCA SEBASTIANO N.70",888,0.0
291,0,"SCUOLA PRIMARIA ""DEL VESPRO"" VIA OS.1 N.2",702,0.0
292,0,"SCUOLA SECOND.DI I GR.""S.BOCCONE"" VIA DEL VESPRO N.72",681,0.0
293,0,"SCUOLA SECOND.I GRADO ""V.E.ORLANDO"" VIA LUSSEMBURGO N.103",694,0.0
294,0,"SCUOLA SECOND.DI I GR.""S.BOCCONE"" VIA DEL VESPRO N.72",777,0.0
295,0,"SCUOLA PRIMARIA ""MARVUGLIA"" VIA RALLO ALBERTO N.9",984,0.0
296,0,"SCUOLA PRIM.E DELL'INFANZ.""LAMBRUSCHINI"" VIA DON GIOVANNI MINZONI N.1",802,0.0
297,0,"SCUOLA PRIMARIA ""F.P. PEREZ"" PIAZZA PEREZ FRANCESCO PAOLO N.1",872,0.0
298,0,"SCUOLA SECOND.DI I GR.""S.BOCCONE"" VIA DEL VESPRO N.72",695,0.0
299,0,"SCUOLA SECOND.DI I GR.""S.BOCCONE"" VIA DEL VESPRO N.72",763,0.0
300,0,"SCUOLA PRIMARIA ""ROSOLINO PILO"" VIA LA FRANCA SEBASTIANO N.70",898,0.0
301,0,"SCUOLA SECOND.DI I GR.""S.BOCCONE"" VIA DEL VESPRO N.72",785,0.0
302,0,"SCUOLA PRIMARIA ""PAULSEN"" P.LE CARPINO FRANCESCO CARD. N.3",1018,0.0
303,0,"SCUOLA PRIM.E DELL'INF.""CASTELLANA"" VIA CASTELLANA N.40",982,0.0
304,0,"SCUOLA PRIMARIA ""ROSOLINO PILO"" VIA LA FRANCA SEBASTIANO N.70",931,0.0
305,0,"SCUOLA PRIMARIA ""F.P. PEREZ"" PIAZZA PEREZ FRANCESCO PAOLO N.1",926,0.0
306,0,"SCUOLA SECOND.DI I GR.""S.BOCCONE"" VIA DEL VESPRO N.72",826,0.0
307,0,"SCUOLA PRIMARIA ""G.FAVA"" VIA MONTE S.CALOGERO N.20",815,0.0
308,0,"SCUOLA PRIMARIA ""F.P. PEREZ"" PIAZZA PEREZ FRANCESCO PAOLO N.1",815,0.0
309,0,"SCUOLA PRIMARIA ""F.P. PEREZ"" PIAZZA PEREZ FRANCESCO PAOLO N.1",898,0.0
310,0,"DIREZIONE DIDATTICA ""DE GASPERI"" PIAZZA GIOVANNI PAOLO II PAPA N.24",745,0.0
311,0,"SCUOLA ELEMENTARE ""CASTROGIOVANNI"" VIA CRISTODULO AMMMIRAGLIO N.3",1005,0.0
312,0,"SCUOLA SEC. 1Ã?Â° GRADO ""ASTORINO"" VIA ASTORINO GERARDO N.21",965,0.0
313,0,"SCUOLA ELEMENTARE ""CASTROGIOVANNI"" VIA CRISTODULO AMMMIRAGLIO N.3",958,0.0
314,0,"SCUOLA DELL'INFANZIA""PASS.DEI PICCIOTTI"" PASSAGGIO DEI PICCIOTTI N.3",989,0.0
315,0,"SCUOLA PRIMARIA ""CAVALLARI"" CORSO DEI MILLE N.793",848,0.0
316,0,"SCUOLA DELL'INFANZIA""PASS.DEI PICCIOTTI"" PASSAGGIO DEI PICCIOTTI N.3",1122,0.0
317,0,"SCUOLA PRIMARIA ""NAZARIO SAURO"" VIALE AMEDEO D'AOSTA N.20",1159,0.0
318,0,"SCUOLA PRIMARIA ""NAZARIO SAURO"" VIALE AMEDEO D'AOSTA N.20",1011,0.0
319,0,"SCUOLA DELL'INFANZIA ""DIAZ VECCHIO"" VIA REGINA MARIA DI SICILIA N.7",993,0.0
320,0,"SCUOLA DELL'INFANZIA ""DIAZ VECCHIO"" VIA REGINA MARIA DI SICILIA N.7",984,0.0
321,0,"SCUOLA DELL'INFANZIA""PASS.DEI PICCIOTTI"" PASSAGGIO DEI PICCIOTTI N.3",958,0.0
322,0,"SCUOLA PRIMARIA ""NAZARIO SAURO"" VIALE AMEDEO D'AOSTA N.20",1124,0.0
323,0,"SCUOLA DELL'INFANZIA ""DIAZ VECCHIO"" VIA REGINA MARIA DI SICILIA N.7",984,0.0
324,0,"SCUOLA PRIMARIA ""RANDAZZO"" VIA SPERONE N.79",1035,0.0
325,0,"SCUOLA PRIMARIA ""RANDAZZO"" VIA SPERONE N.79",1145,0.0
326,0,"SCUOLA PRIMARIA ""NATOLI"" CORSO DEI MILLE N.1486",1016,0.0
327,0,"SCUOLA DELL'INFANZIA ""DIAZ VECCHIO"" VIA REGINA MARIA DI SICILIA N.7",1048,0.0
328,0,"SCUOLA PRIMARIA ""BRAGAGLIA"" VIA BRAGAGLIA MARINELLA N.23",919,0.0
329,0,"SCUOLA PRIMARIA ""NUOVO PAGLIARELLI"" VIA VILLANI GIOVANNI N.40",1003,0.0
330,0,"SCUOLA PRIMARIA ""BIXIO"" VIA CASSARO N.2",912,0.0
331,0,"SCUOLA PRIM.""ILARIA ALPI""(A CROCEVERDE) CORSO DEI MILLE N.1672",869,0.0
332,0,"SCUOLA PRIMARIA ""F.SCO ORESTANO"" VIA S.CIRO N.48",956,0.0
333,0,"SCUOLA PRIMARIA ""F.SCO ORESTANO"" VIA S.CIRO N.48",950,0.0
334,0,"SCUOLA PRIMARIA ""TOMASINO BARTOLOMEO"" VIA S.MARIA DI GESU' N.89",1116,0.0
335,0,"SCUOLA PRIMARIA ""F.SCO ORESTANO"" VIA S.CIRO N.48",1058,0.0
336,0,"SCUOLA PRIMARIA ""BORGO ULIVIA"" VIA ORTIGIA N.19",992,0.0
337,0,"SCUOLA PRIMARIA ""OBERDAN"" VIA SPICA PIETRO N.5",1100,0.0
338,0,"SCUOLA PRIMARIA ""OBERDAN"" VIA SPICA PIETRO N.5",1098,0.0
339,0,"SCUOLA PRIMARIA ""G. COSTA"" VIA UGHETTI GIOVANBATTISTA N.27",1099,0.0
340,0,"SCUOLA SECOND.DI I GRADO ""MAZZINI"" VIA DE MARIA FEDERICO N.36",906,0.0
341,0,"SCUOLA PRIMARIA ""OBERDAN"" VIA SPICA PIETRO N.5",732,0.0
342,0,"SCUOLA PRIMARIA ""BORGO ULIVIA"" VIA ORTIGIA N.19",1033,0.0
343,0,"SCUOLA PRIMARIA ""BORGO ULIVIA"" VIA ORTIGIA N.19",972,0.0
344,0,SCUOLA DELL'INFANZIA ZS 10 VIA PALAZZOTTO F.P. E G.B. N. 5,899,0.0
345,0,"SCUOLA ELEMENTARE ""MANCINO"" VIA BELMONTE CHIAVELLI N.111/D",1167,0.0
346,0,"SCUOLA SECOND. DI I GRADO ""VERDI"" VIA FERMI ENRICO N.2",782,0.0
347,0,"SCUOLA PRIMARIA ""BARONE DELLA SCALA"" BAGLIO BARONE DELLA SCALA N.22",1326,0.0
348,0,"SCUOLA PRIMARIA ""BARONE DELLA SCALA"" BAGLIO BARONE DELLA SCALA N.22",1165,0.0
349,0,"SCUOLA PRIMARIA ""VILLAGRAZIA"" VIA VILLAGRAZIA N.298",1213,0.0
350,0,"SCUOLA SECOND.DI I GRADO ""MARCONI"" VIA DI GIORGIO ANTONINO GEN. N.4",951,0.0
351,0,"SCUOLA SECOND.I GRADO ""A.GRAMSCI"" VIA ARCOLEO GIUSEPPE N.78",728,0.0
352,0,"SCUOLA PRIMARIA ""VILLAGRAZIA"" VIA VILLAGRAZIA N.298",1239,0.0
353,0,"SCUOLA PRIMARIA ""DONAUDY"" PIAZZA DONAUDY STEFANO N.16",820,0.0
354,0,"SCUOLA PRIMARIA ""F.SCO ORESTANO"" VIA S.CIRO N.48",955,0.0
355,0,"SCUOLA PRIMARIA ""BRAGAGLIA"" VIA BRAGAGLIA MARINELLA N.23",929,0.0
356,0,"SCUOLA PRIMARIA ""BORGO ULIVIA"" VIA ORTIGIA N.19",1009,0.0
357,0,"SCUOLA PRIMARIA ""PAULSEN"" P.LE CARPINO FRANCESCO CARD. N.3",1066,0.0
358,0,"SCUOLA SECOND.I GR. ""LEONARDO DA VINCI"" VIA DI GIORGI FERDINANDO N.48",828,0.0
359,0,"SCUOLA PRIMARIA ""BORSELLINO"" LARGO CAMASTRA N.4",949,0.0
360,0,"SCUOLA PRIMARIA ""VITTORINO DA FELTRE"" Corso Calatafimi n. 1035",977,0.0
361,0,"SCUOLA PRIMARIA ""F.CRISPI"" INGR.PAD.1 VIA BARISANO DA TRANI N.7",892,0.0
362,0,"SCUOLA PRIMARIA ""ANDREA SOLE"" VIA MOLARA N.30",1263,0.0
363,0,"SCUOLA SECOND. DI I GRADO ""PIAZZI"" VIA RUTELLI MARIO N.50",998,0.0
364,0,"SCUOLA PRIMARIA ""GARZILLI"" VIA ISONZO N.7",1002,0.0
365,0,"SCUOLA PRIMARIA ""SUNSERI"" VIA SUNSERI GIUSEPPE N.19",761,0.0
366,0,SCUOLA DELL'INFANZIA ZS 10 VIA PALAZZOTTO F.P. E G.B. N. 5,1084,0.0
367,0,"SCUOLA PRIMARIA ""PASCOLI"" VIA NETTUNO N.7",1173,0.0
368,0,"SCUOLA SEC.I GR.""PR.SSA ELENA DI NAPOLI"" VIA USTICA N.46",823,0.0
369,0,SCUOLA DELL'INFANZIA ZS 10 VIA PALAZZOTTO F.P. E G.B. N. 5,914,0.0
370,0,"SCUOLA PRIM.E DELL'INFANZ.""BONANNO"" VIA PITRE' GIUSEPPE N.183",926,0.0
371,0,"SCUOLA PRIM.E DELL'INFANZ.""BONANNO"" VIA PITRE' GIUSEPPE N.183",998,0.0
372,0,"SCUOLA PRIMARIA ""DE AMICIS E"" VIA SAURO NAZARIO N.11",738,0.0
373,0,"SCUOLA SEC.I GR.""PR.SSA ELENA DI NAPOLI"" VIA USTICA N.46",725,0.0
374,0,"SCUOLA PRIMARIA ""MANTEGNA"" VIA BOLOGNI N.4",1003,0.0
375,0,"SCUOLA PRIMARIA ""MANTEGNA"" VIA BOLOGNI N.4",1165,0.0
376,0,"SCUOLA SECOND.DI I GRADO ""BORGESE"" PIAZZA FERRINI CONTARDO N.13",735,0.0
377,0,"SCUOLA PRIMARIA ""MANTEGNA"" VIA BOLOGNI N.4",1110,0.0
378,0,"SCUOLA PRIMARIA ""MANTEGNA"" VIA BOLOGNI N.4",1224,0.0
379,0,"SCUOLA PRIMARIA ""PADRE PUGLISI"" VIA GIANNOTTA NICOLO' N.4",649,0.0
380,0,"SCUOLA PRIMARIA ""BASILE"" LARGO CORLEONE N.11/T",1144,0.0
381,0,"SCUOLA PRIMARIA ""ROSMINI"" VIA CRUILLAS N.4",919,0.0
382,0,"SCUOLA PRIMARIA ""TOMMASO NATALE"" VIA LIMONE N.19",989,0.0
383,0,"SCUOLA PRIMARIA ""TOMMASO NATALE"" VIA LIMONE N.19",882,0.0
384,0,"SCUOLA DELL'INFANZIA ""JACK LONDON"" VIA LONDON JACK N.1/A",1039,0.0
385,0,"SCUOLA PRIMARIA ""TEN. ONORATO"" VIA TACITO N.34",1172,0.0
386,0,"SCUOLA PRIMARIA ""TEN. ONORATO"" VIA TACITO N.34",839,0.0
387,0,"SCUOLA PRIMARIA ""TEN. ONORATO"" VIA TACITO N.34",1176,0.0
388,0,"SCUOLA PRIMARIA ""TEN. ONORATO"" VIA TACITO N.34",1057,0.0
389,0,"SCUOLA PRIMARIA ""PASCOLI"" VIA NETTUNO N.7",1200,0.0
390,0,"SCUOLA PRIMARIA ""PASCOLI"" VIA NETTUNO N.7",1096,0.0
391,0,"SCUOLA PRIMARIA ""PASCOLI"" VIA NETTUNO N.7",1164,0.0
392,0,"SCUOLA PRIMARIA ""ROSARIO GREGORIO"" VIA MARINAI ALLIATA N.33",1077,0.0
393,0,"SCUOLA PRIMARIA ""RISO"" VIA MONDELLO N.5",1165,0.0
394,0,"SCUOLA PRIMARIA ""RISO"" VIA MONDELLO N.5",1222,0.0
395,0,"SCUOLA PRIMARIA ""ROSARIO GREGORIO"" VIA MARINAI ALLIATA N.33",1188,0.0
396,0,"SCUOLA PRIMARIA ""ROSARIO GREGORIO"" VIA MARINAI ALLIATA N.33",1132,0.0
397,0,"SCUOLA PRIMARIA ""SAN DOMENICO SAVIO"" VIALE DELLA RESURREZIONE N.1",966,0.0
398,0,"SCUOLA PRIMARIA ""SAN DOMENICO SAVIO"" VIALE DELLA RESURREZIONE N.1",1013,0.0
399,0,"SCUOLA PRIM. E DELL'INFANZ.""L.SCIASCIA"" VIA SMITH ADAMO N.19",1111,0.0
400,0,"SCUOLA SECOND.DI I GRADO ""BORGESE"" PIAZZA FERRINI CONTARDO N.13",761,0.0
401,0,"SCUOLA PRIMARIA ""F.CRISPI"" INGR.PAD.1 VIA BARISANO DA TRANI N.7",807,0.0
402,0,"SCUOLA SEC.I GR.""PR.SSA ELENA DI NAPOLI"" VIA USTICA N.46",940,0.0
403,0,"SCUOLA SECOND.DI I GRADO ""MARCONI"" VIA DI GIORGIO ANTONINO GEN. N.4",858,0.0
404,0,"SCUOLA PRIMARIA ""TRINACRIA"" VIA TRINACRIA N.1",696,0.0
405,0,"SCUOLA DELL'INFANZIA ""TOMASELLI"" VIA ABRUZZI N.2",951,0.0
406,0,"SCUOLA PRIMARIA ""MATTARELLA"" VIALE DI VITTORIO GIUSEPPE N.7",972,0.0
407,0,"DIREZIONE DIDATTICA ""DE GASPERI"" PIAZZA GIOVANNI PAOLO II PAPA N.24",781,0.0
408,0,"SCUOLA DELL'INFANZIA ""DIAZ VECCHIO"" VIA REGINA MARIA DI SICILIA N.7",962,0.0
409,0,"SCUOLA PRIMARIA ""SAN LORENZO"" VIA S.LORENZO N.89",935,0.0
410,0,"SCUOLA PRIMARIA ""MATTARELLA"" VIALE DI VITTORIO GIUSEPPE N.7",854,0.0
411,0,"SCUOLA PRIMARIA ""BENTIVEGNA"" VIA S.LORENZO N.85",950,0.0
412,0,"SCUOLA PRIMARIA ""BENTIVEGNA"" VIA S.LORENZO N.85",951,0.0
413,0,"SCUOLA SEC. 1Ã?Â° GRADO ""ASTORINO"" VIA ASTORINO GERARDO N.21",1109,0.0
414,0,"SCUOLA SEC. 1Ã?Â° GRADO ""ASTORINO"" VIA ASTORINO GERARDO N.21",1049,0.0
415,0,"SCUOLA SEC. 1Ã?Â° GRADO ""ASTORINO"" VIA ASTORINO GERARDO N.21",1181,0.0
416,0,"SCUOLA PRIMARIA ""ROSMINI"" VIA CRUILLAS N.4",807,0.0
417,0,"SCUOLA PRIMARIA ""PADRE PUGLISI"" VIA GIANNOTTA NICOLO' N.4",705,0.0
418,0,"SCUOLA PRIMARIA ""DI BARTOLO"" LUNGOMARE COLOMBO CRISTOFORO N.240",888,0.0
419,0,"SCUOLA PRIMARIA ""BORGO ULIVIA"" VIA ORTIGIA N.19",992,0.0
420,0,"SCUOLA PRIMARIA ""RIZZO"" VIA SERGIO PAPA I N.21/D",1017,0.0
421,0,"SCUOLA PRIMARIA ""RIZZO"" VIA SERGIO PAPA I N.21/D",1092,0.0
422,0,"SCUOLA SECOND.DI I GRADO ""MARCONI"" VIA DI GIORGIO ANTONINO GEN. N.4",843,0.0
423,0,"SCUOLA PRIMARIA ""TOMASINO BARTOLOMEO"" VIA S.MARIA DI GESU' N.89",955,0.0
424,0,"SCUOLA PRIMARIA ""MARABITTI"" VIA SPEDALIERI NICOLO' N.52",876,0.0
425,0,"SCUOLA PRIMARIA ""MARABITTI"" VIA SPEDALIERI NICOLO' N.52",954,0.0
426,0,"SCUOLA PRIM.E DELL'INFANZ.""LAMBRUSCHINI"" VIA DON GIOVANNI MINZONI N.1",1008,0.0
427,0,"SCUOLA PRIMARIA ""MARABITTI"" VIA SPEDALIERI NICOLO' N.52",966,0.0
428,0,"SCUOLA PRIMARIA ""GIOVANNI XXIII"" VIA SAMPOLO N.63",838,0.0
429,0,"SCUOLA PRIMARIA ""GIOVANNI XXIII"" VIA SAMPOLO N.63",992,0.0
430,0,"SCUOLA SECOND. DI I GRADO ""MATTARELLA"" VIA BONAGIA N.14",1032,0.0
431,0,"SCUOLA PRIMARIA ""D'ANGELO PAOLO EMILIO"" VIA S.LORENZO N.295",1044,0.0
432,0,"SCUOLA PRIMARIA ""MANZONI"" VIA PARLATORE FILIPPO N.56",773,0.0
433,0,SCUOLA PRIMARIA SANTOCANALE Via Polibio 1/b,1181,0.0
434,0,"SCUOLA PRIMARIA ""ROSMINI"" VIA CRUILLAS N.4",838,0.0
435,0,"SCUOLA PRIMARIA ""MANZONI"" VIA PARLATORE FILIPPO N.56",813,0.0
436,0,"SCUOLA SECOND.I GR.E PRIM.""VERDI"" VIA CASELLA ALFREDO N.35",908,0.0
437,0,"SCUOLA PRIMARIA ""VITALI"" VIA INSERRA N.1",1072,0.0
438,0,"SCUOLA DELL'INFANZIA ""PALADINI"" PIAZZA CELLINI BENVENUTO N.4",892,0.0
439,0,"SCUOLA PRIMARIA ""DE AMICIS E"" VIA SAURO NAZARIO N.11",981,0.0
440,0,"SCUOLA PRIMARIA E DELL'INF.""IEVOLELLA"" VIA SERRADIFALCO N.3",752,0.0
441,0,"SCUOLA PRIMARIA E DELL'INF.""IEVOLELLA"" VIA SERRADIFALCO N.3",776,0.0
442,0,"SCUOLA PRIMARIA ""DE AMICIS E"" VIA SAURO NAZARIO N.11",891,0.0
443,0,"SCUOLA PRIMARIA ""DE AMICIS"" VIA ROSSO DI S.SECONDO N.1",756,0.0
444,0,"SCUOLA PRIMARIA ""DE AMICIS E"" VIA SAURO NAZARIO N.11",885,0.0
445,0,"SCUOLA PRIMARIA ""BENTIVEGNA"" VIA S.LORENZO N.85",914,0.0
446,0,"SCUOLA PRIMARIA ""DE AMICIS"" VIA ROSSO DI S.SECONDO N.1",909,0.0
447,0,"SCUOLA PRIMARIA ""DE AMICIS"" VIA ROSSO DI S.SECONDO N.1",817,0.0
448,0,"SCUOLA PRIMARIA ""DE AMICIS E"" VIA SAURO NAZARIO N.11",788,0.0
449,0,"SCUOLA DELL'INFANZIA ""DIAZ VECCHIO"" VIA REGINA MARIA DI SICILIA N.7",839,0.0
450,0,"SCUOLA PRIMARIA ""VERGA"" VIA UDITORE N.21",967,0.0
451,0,"SCUOLA SECOND.I GR.""TOMASI DI LAMPEDUSA"" VIALE LEONARDO DA VINCI N.504",961,0.0
452,0,"SCUOLA PRIMARIA ""BERNINI"" VIA PAPALEO PIETRO N.8",968,0.0
453,0,"SCUOLA PRIMARIA ""ROSMINI"" VIA CRUILLAS N.4",691,0.0
454,0,"SCUOLA PRIMARIA ""NUOVO PAGLIARELLI"" VIA VILLANI GIOVANNI N.40",1053,0.0
455,0,"SCUOLA SECOND.I GR.""TOMASI DI LAMPEDUSA"" VIALE LEONARDO DA VINCI N.504",1005,0.0
456,0,"SCUOLA PRIMARIA ""NUOVO PAGLIARELLI"" VIA VILLANI GIOVANNI N.40",1140,0.0
457,0,"SCUOLA SECOND. DI I GRADO ""MATTARELLA"" VIA BONAGIA N.14",998,0.0
458,0,"SCUOLA SECOND.I GRADO ""PIRANDELLO"" VIA DELL'USIGNOLO N.5",1055,0.0
459,0,"SCUOLA PRIMARIA ""BORGO ULIVIA"" VIA ORTIGIA N.19",861,0.0
460,0,"SCUOLA PRIMARIA ""VITALI"" VIA INSERRA N.1",1053,0.0
461,0,"SCUOLA SECOND.DI I GRADO ""BORGESE"" PIAZZA FERRINI CONTARDO N.13",666,0.0
462,0,"SCUOLA SECOND.I GR.""LEONARDO DA VINCI"" VIA SERRADIFALCO N.190",1022,0.0
463,0,"SCUOLA SECOND.I GR.E PRIM.""VERDI"" VIA CASELLA ALFREDO N.35",942,0.0
464,0,"SCUOLA PRIMARIA ""GARZILLI"" VIA ISONZO N.7",869,0.0
465,0,"SCUOLA SECOND.DI I GRADO ""MARCONI"" VIA DI GIORGIO ANTONINO GEN. N.4",929,0.0
466,0,"SCUOLA PRIMARIA ""ROSARIO GREGORIO"" VIA MARINAI ALLIATA N.33",1041,0.0
467,0,"SCUOLA PRIMARIA ""BRAGAGLIA"" VIA BRAGAGLIA MARINELLA N.23",898,0.0
468,0,"SCUOLA PRIMARIA ""VITTORINO DA FELTRE"" Corso Calatafimi n. 1035",955,0.0
469,0,"SCUOLA PRIMARIA ""DONAUDY"" PIAZZA DONAUDY STEFANO N.16",866,0.0
470,0,"SCUOLA PRIMARIA ""ALMEJDA - PITRE'"" VIA DAMIANI ALMEJDA N.27",981,0.0
471,0,"SCUOLA PRIMARIA ""ETTORE ARCULEO"" VIA SCHIFANI VITO N.3",845,0.0
472,0,"SCUOLA SECOND.I GR.""TOMASI DI LAMPEDUSA"" VIALE LEONARDO DA VINCI N.504",909,0.0
473,0,"SCUOLA SEC.I GR.""PR.SSA ELENA DI NAPOLI"" VIA USTICA N.46",909,0.0
474,0,"SCUOLA PRIMARIA ""GABELLI"" VIA EUGENIO L'EMIRO N.30",1029,0.0
475,0,"SCUOLA PRIMARIA ""MATTARELLA"" VIALE DI VITTORIO GIUSEPPE N.7",833,0.0
476,0,"SCUOLA PRIMARIA ""BORSELLINO"" LARGO CAMASTRA N.4",801,0.0
477,0,"SCUOLA PRIMARIA ""BIXIO"" VIA CASSARO N.2",1048,0.0
478,0,"SCUOLA PRIMARIA ""BENTIVEGNA"" VIA S.LORENZO N.85",1093,0.0
479,0,"SCUOLA SECOND.DI I GRADO ""MARCONI"" VIA DI GIORGIO ANTONINO GEN. N.4",923,0.0
480,0,"SCUOLA PRIM. E DELL'INFANZ.""L.SCIASCIA"" VIA SMITH ADAMO N.19",1144,0.0
481,0,"SCUOLA PRIM.E DELL'INF.""CASTELLANA"" VIA CASTELLANA N.40",949,0.0
482,0,"SCUOLA PRIMARIA ""G. COSTA"" VIA UGHETTI GIOVANBATTISTA N.27",884,0.0
483,0,"SCUOLA PRIMARIA ""MATTARELLA"" VIALE DI VITTORIO GIUSEPPE N.7",822,0.0
489,0,"SCUOLA PRIMARIA ""BIXIO"" VIA CASSARO N.2",1085,0.0
490,0,"SCUOLA PRIM.""ILARIA ALPI""(A CROCEVERDE) CORSO DEI MILLE N.1672",841,0.0
491,0,"SCUOLA PRIMARIA ""PAULSEN"" P.LE CARPINO FRANCESCO CARD. N.3",1059,0.0
493,0,"SCUOLA PRIMARIA ""EX SCIASCIA"" VIA MARCHESE NICOLO' PENSABENE N.34",1051,0.0
494,0,"SCUOLA PRIMARIA ""SAN DOMENICO SAVIO"" VIALE DELLA RESURREZIONE N.1",1092,0.0
495,0,"SCUOLA SECOND.I GRADO ""A.GRAMSCI"" VIA ARCOLEO GIUSEPPE N.78",774,0.0
496,0,"SCUOLA PRIMARIA ""AMARI"" VIA INGRASSIA GIAN FILIPPO N.33",777,0.0
497,0,"SCUOLA PRIMARIA ""DI BARTOLO"" LUNGOMARE COLOMBO CRISTOFORO N.240",890,0.0
498,0,"SCUOLA PRIMARIA ""RIZZO"" VIA SERGIO PAPA I N.21/D",1001,0.0
499,0,"SCUOLA SECOND.I GR.E PRIM.""VERDI"" VIA CASELLA ALFREDO N.35",932,0.0
500,0,"SCUOLA PRIMARIA ""DE AMICIS E"" VIA SAURO NAZARIO N.11",860,0.0
501,0,"SCUOLA SECOND. DI I GRADO ""PIAZZI"" VIA RUTELLI MARIO N.50",987,0.0
502,0,"SCUOLA PRIM.E DELL'INFANZ.""LAMBRUSCHINI"" VIA DON GIOVANNI MINZONI N.1",808,0.0
503,0,"SCUOLA PRIM.E DELL'INFANZ.""LAMBRUSCHINI"" VIA DON GIOVANNI MINZONI N.1",846,0.0
504,0,"SCUOLA PRIMARIA ""VITTORINO DA FELTRE"" Corso Calatafimi n. 1035",1023,0.0
505,0,"SCUOLA PRIMARIA ""RAGUSA MOLETI"" VIA RAGUSA MOLETI N.8",876,0.0
506,0,"SCUOLA PRIMARIA ""SUNSERI"" VIA SUNSERI GIUSEPPE N.19",718,0.0
507,0,"SCUOLA PRIM.E DELL'INFANZ.""BONANNO"" VIA PITRE' GIUSEPPE N.183",919,0.0
508,0,"SCUOLA SECOND.I GRADO ""V.E.ORLANDO"" VIA LUSSEMBURGO N.103",705,0.0
509,0,"SCUOLA PRIMARIA ""F.SCO ORESTANO"" VIA S.CIRO N.48",964,0.0
511,0,"SCUOLA PRIMARIA ""GIOVANNI XXIII"" VIA SAMPOLO N.63",1020,0.0
512,0,"SCUOLA SEC. 1Â° GRADO ""SALEMI"" VIA SALEMI FRANCESCO GEN. N.22",914,0.0
513,0,"SCUOLA PRIMARIA ""TRINACRIA"" VIA TRINACRIA N.1",829,0.0
514,0,"SCUOLA PRIM.E DELL'INFANZ.""LAMBRUSCHINI"" VIA DON GIOVANNI MINZONI N.1",743,0.0
515,0,"SCUOLA PRIMARIA ""BORGO ULIVIA"" VIA ORTIGIA N.19",977,0.0
516,0,"SCUOLA PRIMARIA ""ANDREA SOLE"" VIA MOLARA N.30",1298,0.0
517,0,"SCUOLA PRIMARIA ""MEDAGLIE D'ORO"" VIA DEODATO PIER LUIGI N.7",791,0.0
518,0,"SCUOLA SECOND.I GR.""GARIBALDI"" VIA DELLE CROCI N.5",945,0.0
519,0,"SCUOLA PRIMARIA ""DE AMICIS"" VIA ROSSO DI S.SECONDO N.1",696,0.0
520,0,"SCUOLA PRIMARIA ""BORSELLINO"" LARGO CAMASTRA N.4",940,0.0
521,0,"SCUOLA PRIMARIA ""BORSELLINO"" LARGO CAMASTRA N.4",861,0.0
522,0,"SCUOLA DELL'INFANZIA ""JACK LONDON"" VIA LONDON JACK N.1/A",988,0.0
523,0,"SCUOLA SECOND.DI I GRADO ""BORGESE"" PIAZZA FERRINI CONTARDO N.13",737,0.0
524,0,"SCUOLA PRIMARIA ""F.CRISPI"" INGR.PAD.2 VIA BARISANO DA TRANI N.7",973,0.0
525,0,"SCUOLA DELL'INFANZIA ""TOMASELLI"" VIA ABRUZZI N.2",1087,0.0
526,0,"SCUOLA DELL'INFANZIA ""TOMASELLI"" VIA ABRUZZI N.2",1011,0.0
527,0,"SCUOLA SECOND.I GRADO ""PIRANDELLO"" VIA DELL'USIGNOLO N.5",824,0.0
528,0,"SCUOLA PRIMARIA ""F.SCO ORESTANO"" VIA S.CIRO N.48",914,0.0
529,0,"SCUOLA DELL'INFANZIA ""DIAZ VECCHIO"" VIA REGINA MARIA DI SICILIA N.7",1012,0.0
530,0,"SCUOLA SECOND. DI I GRADO ""PIAZZI"" VIA RUTELLI MARIO N.50",874,0.0
531,0,"SCUOLA PRIMARIA ""NAZARIO SAURO"" VIALE AMEDEO D'AOSTA N.20",962,0.0
532,0,"SCUOLA PRIMARIA ""GIOVANNI XXIII"" VIA SAMPOLO N.63",897,0.0
533,0,"SCUOLA PRIMARIA ""GIOVANNI XXIII"" VIA SAMPOLO N.63",847,0.0
534,0,"SCUOLA PRIMARIA ""EX SCIASCIA"" VIA MARCHESE NICOLO' PENSABENE N.34",1063,0.0
535,0,"SCUOLA SECOND. DI I GRADO ""PIAZZI"" VIA RUTELLI MARIO N.50",995,0.0
536,0,"SCUOLA PRIMARIA ""G. COSTA"" VIA UGHETTI GIOVANBATTISTA N.27",807,0.0
537,0,"SCUOLA PRIMARIA E DELL'INF.""IEVOLELLA"" VIA SERRADIFALCO N.3",822,0.0
538,0,"SCUOLA PRIMARIA ""SALGARI"" VIA PARATORE GIUSEPPE N.34",967,0.0
539,0,"SCUOLA PRIMARIA ""AMARI"" VIA INGRASSIA GIAN FILIPPO N.33",805,0.0
540,0,"SCUOLA PRIMARIA ""OBERDAN"" VIA SPICA PIETRO N.5",786,0.0
541,0,"SCUOLA PRIMARIA ""BRAGAGLIA"" VIA BRAGAGLIA MARINELLA N.23",911,0.0
542,0,"SCUOLA PRIMARIA ""GABELLI"" VIA EUGENIO L'EMIRO N.30",1091,0.0
543,0,"SCUOLA PRIMARIA ""DONAUDY"" PIAZZA DONAUDY STEFANO N.16",860,0.0
544,0,"SCUOLA PRIM.E DELL'INFANZ.""BONANNO"" VIA PITRE' GIUSEPPE N.183",807,0.0
545,0,"SCUOLA PRIMARIA ""MANZONI"" VIA PARLATORE FILIPPO N.56",895,0.0
546,0,"SCUOLA SECOND.I GR. ""LEONARDO DA VINCI"" VIA DI GIORGI FERDINANDO N.48",881,0.0
547,0,"SCUOLA SECOND.I GR.""LEONARDO DA VINCI"" VIA SERRADIFALCO N.190",769,0.0
548,0,"SCUOLA PRIMARIA ""IGNAZIO BUTTITTA"" VIA CIMABUE GIOVANNI N.20",923,0.0
549,0,"SCUOLA PRIMARIA ""RAGUSA MOLETI"" VIA RAGUSA MOLETI N.8",710,0.0
550,0,"SCUOLA PRIMARIA ""BASILE"" LARGO CORLEONE N.11/T",1214,0.0
551,0,"SCUOLA PRIMARIA ""BORSELLINO"" LARGO CAMASTRA N.4",875,0.0
552,0,"SCUOLA SECOND.I GR.""TOMASI DI LAMPEDUSA"" VIALE LEONARDO DA VINCI N.504",874,0.0
553,0,"SCUOLA SECONDARIA I GRADO ""FEDERICO II"" VIA PIER DELLE VIGNE N.13",971,0.0
554,0,"SCUOLA PRIMARIA ""GARZILLI"" VIA ISONZO N.7",862,0.0
555,0,"SCUOLA PRIMARIA ""GARZILLI"" VIA ISONZO N.7",928,0.0
556,0,"SCUOLA PRIMARIA ""MATTARELLA"" VIALE DI VITTORIO GIUSEPPE N.7",825,0.0
557,0,"SCUOLA PRIMARIA ""TRINACRIA"" VIA TRINACRIA N.1",897,0.0
558,0,"SCUOLA PRIMARIA ""GARZILLI"" VIA ISONZO N.7",863,0.0
559,0,"SCUOLA SEC. 1Â° GRADO ""SALEMI"" VIA SALEMI FRANCESCO GEN. N.22",1040,0.0
560,0,"SCUOLA SEC.I GR.""PR.SSA ELENA DI NAPOLI"" VIA USTICA N.46",726,0.0
561,0,"SCUOLA PRIMARIA E INFANZIA ""M.GANDHI"" VIA SARDEGNA N.55",1074,0.0
562,0,"SCUOLA PRIMARIA ""RIZZO"" VIA SERGIO PAPA I N.21/D",846,0.0
563,0,"SCUOLA PRIMARIA ""SAN DOMENICO SAVIO"" VIALE DELLA RESURREZIONE N.1",967,0.0
564,0,"SCUOLA PRIM. E DELL'INFANZ.""L.SCIASCIA"" VIA SMITH ADAMO N.19",1034,0.0
565,0,"SCUOLA PRIMARIA ""TOMMASO NATALE"" VIA LIMONE N.19",698,0.0
566,0,"SCUOLA SEC.I GR.""PR.SSA ELENA DI NAPOLI"" VIA USTICA N.46",823,0.0
567,0,"SCUOLA PRIMARIA ""PAULSEN"" P.LE CARPINO FRANCESCO CARD. N.3",1081,0.0
568,0,"SCUOLA SECOND. DI I GRADO ""MATTARELLA"" VIA BONAGIA N.14",1130,0.0
569,0,"SCUOLA PRIMARIA ""MATTARELLA"" VIALE DI VITTORIO GIUSEPPE N.7",751,0.0
570,0,"SCUOLA PRIMARIA ""MEDAGLIE D'ORO"" VIA DEODATO PIER LUIGI N.7",794,0.0
571,0,"SCUOLA DELL'INFANZIA""PASS.DEI PICCIOTTI"" PASSAGGIO DEI PICCIOTTI N.3",1044,0.0
572,0,"SCUOLA PRIMARIA ""FILIPPO RACITI"" VIA ALIA N.16",1064,0.0
573,0,"SCUOLA PRIMARIA ""BORSELLINO"" VIA GIOTTO N.41",924,0.0
574,0,"SCUOLA PRIMARIA ""PALAGONIA"" VIA PRINCIPE DI PALAGONIA N.46",981,0.0
575,0,"SCUOLA PRIMARIA E INFANZIA ""M.GANDHI"" VIA SARDEGNA N.55",937,0.0
576,0,"DIREZIONE DIDATTICA ""DE GASPERI"" PIAZZA GIOVANNI PAOLO II PAPA N.24",858,0.0
577,0,"SCUOLA PRIMARIA ""GARZILLI"" VIA ISONZO N.7",840,0.0
578,0,"SCUOLA SECOND.I GR. ""LEONARDO DA VINCI"" VIA DI GIORGI FERDINANDO N.48",1096,0.0
579,0,"SCUOLA SECOND.I GR.""LEONARDO DA VINCI"" VIA SERRADIFALCO N.190",988,0.0
580,0,"SCUOLA PRIM. E DELL'INFANZ.""L.SCIASCIA"" VIA SMITH ADAMO N.19",1138,0.0
581,0,"SCUOLA DELL'INFANZIA""MADRE TERESA DI C."" VIA MAQUEDA N.53",1032,0.0
582,0,"SCUOLA PRIMARIA E DELL'INF. ""NUCCIO"" VIA MONGITORE ANTONINO N.4",832,0.0
583,0,"SCUOLA PRIMARIA ""AMARI"" VIA INGRASSIA GIAN FILIPPO N.33",818,0.0
584,0,"SCUOLA ELEMENTARE ""CASTROGIOVANNI"" VIA CRISTODULO AMMMIRAGLIO N.3",1158,0.0
585,0,"SCUOLA PRIMARIA ""NATOLI"" CORSO DEI MILLE N.1486",985,0.0
586,0,"SCUOLA PRIMARIA ""F.SCO ORESTANO"" VIA S.CIRO N.48",899,0.0
587,0,"SCUOLA PRIMARIA ""BIXIO"" VIA CASSARO N.2",1101,0.0
588,0,"SCUOLA PRIMARIA ""PADRE PUGLISI"" VIA GIANNOTTA NICOLO' N.4",692,0.0
589,0,"SCUOLA PRIMARIA ""OBERDAN"" VIA SPICA PIETRO N.5",763,0.0
590,0,"SCUOLA PRIMARIA ""F.P. PEREZ"" PIAZZA PEREZ FRANCESCO PAOLO N.1",909,0.0
591,0,"SCUOLA PRIMARIA ""EX SCIASCIA"" VIA MARCHESE NICOLO' PENSABENE N.34",917,0.0
592,0,"SCUOLA PRIMARIA ""BORGO ULIVIA"" VIA ORTIGIA N.19",1091,0.0
593,0,"SCUOLA PRIMARIA ""MEDAGLIE D'ORO"" VIA DEODATO PIER LUIGI N.7",1009,0.0
594,0,"SCUOLA PRIMARIA ""G. COSTA"" VIA UGHETTI GIOVANBATTISTA N.27",957,0.0
595,0,"SCUOLA PRIMARIA ""VITALI"" VIA INSERRA N.1",1196,0.0
596,0,"SCUOLA SECOND.I GR.""LEONARDO DA VINCI"" VIA SERRADIFALCO N.190",779,0.0
597,0,"SCUOLA SEC.I GR.""PR.SSA ELENA DI NAPOLI"" VIA USTICA N.46",1015,0.0
598,0,"SCUOLA PRIMARIA ""RIZZO"" VIA SERGIO PAPA I N.21/D",844,0.0
599,0,"SCUOLA PRIMARIA ""F.CRISPI"" INGR.PAD.2 VIA BARISANO DA TRANI N.7",912,0.0
600,0,"SCUOLA PRIMARIA ""SAN DOMENICO SAVIO"" VIALE DELLA RESURREZIONE N.1",1103,0.0
